[{"zh":"卡利亚里，撒丁岛的首府，在历史悠久的滨海区的一栋大楼的二楼。","py":"kǎ lì yà lǐ，sā dīng dǎo de shǒu fǔ，zài lì shǐ yōu jiǔ de bīn hǎi qū de yī dòng dà lóu de èr lóu。"},{"zh":"莱昂纳多在他祖父塞巴斯蒂安诺的家里过夜。","py":"lái áng nà duō zài tā zǔ fù sāi bā sī dì ān nuò de jiā lǐ guò yè。"},{"zh":"莱昂纳多，快醒醒!","py":"lái áng nà duō，kuài xǐng xǐng!"},{"zh":"求你了，爷爷，让我睡觉吧。","py":"qiú nǐ le，yé yé，ràng wǒ shuì jiào ba。"},{"zh":"我头疼得很厉害。","py":"wǒ tóu téng dé hěn lì hài。"},{"zh":"是啊，你又抽烟了！","py":"shì a，nǐ yòu chōu yān le！"},{"zh":"当然没有，外公。","py":"dāng rán méi yǒu，wài gōng。"},{"zh":"我不喜欢烟草。","py":"wǒ bù xǐ huān yān cǎo。"},{"zh":"但你喜欢抽大麻。","py":"dàn nǐ xǐ huān chōu dà má。"},{"zh":"他从烟灰缸里拿出剩下的一根大麻。","py":"tā cóng yān huī gāng lǐ ná chū shèng xià de yī gēn dà má。"},{"zh":"我告诉过你一百次，你必须知道如何控制吸大麻的量。","py":"wǒ gào sù guò nǐ yì bǎi cì，nǐ bì xū zhī dào rú hé kòng zhì xī dà má de liàng。"},{"zh":"如果你不能集中精力，你想怎么学习，而且... ...","py":"rú guǒ nǐ bù néng jí zhōng jīng lì，nǐ xiǎng zěn me xué xí，ér qiě......"},{"zh":"别说了，我知道这首歌。","py":"bié shuō le，wǒ zhī dào zhè shǒu gē。"},{"zh":"大麻使我无法集中注意力，使我的大脑变得迟钝。","py":"dà má shǐ wǒ wú fǎ jí zhōng zhù yì lì，shǐ wǒ de dà nǎo biàn dé chí dùn。"},{"zh":"简而言之，我永远不会成为一个出色的学生。","py":"jiǎn ér yán zhī，wǒ yǒng yuǎn bú huì chéng wéi yí gè chū sè de xué shēng。"},{"zh":"胡说八道! 我没有说过这样的话。","py":"hú shuō bā dào! wǒ méi yǒu shuō guò zhè yàng de huà。"},{"zh":"大麻不会影响你的学习，也不会妨碍你成为一名好医生，但有一个条件，那就是你要有节制！","py":"dà má bú huì yǐng xiǎng nǐ de xué xí，yě bú huì fáng ài nǐ chéng wéi yī míng hǎo yī shēng，dàn yǒu yí gè tiáo jiàn，nà jiù shì nǐ yào yǒu jié zhì！"},{"zh":"来吧，穿上衣服！","py":"lái ba，chuān shàng yī fú！"},{"zh":"现在是11点。","py":"xiàn zài shì11diǎn。"},{"zh":"什么？ 11点钟？","py":"shén me？ 11diǎn zhōng？"},{"zh":"该死的，我和汉娜有个约会。","py":"gāi sǐ de，wǒ hé hàn nà yǒu gè yuē huì。"},{"zh":"走之前先去阳台看看。","py":"zǒu zhī qián xiān qù yáng tái kàn kàn。"},{"zh":"那里有什么重要的东西可看？","py":"nà lǐ yǒu shén me zhòng yào de dōng xī kě kàn？"},{"zh":"有一艘游轮在港口的入口处抛锚了。","py":"yǒu yī sōu yóu lún zài gǎng kǒu de rù kǒu chù pāo máo le。"},{"zh":"莱昂纳多走到阳台上，那里可以俯瞰码头的屋顶、港口和天使湾。","py":"lái áng nà duō zǒu dào yáng tái shàng，nà lǐ kě yǐ fǔ kàn mǎ tóu de wū dǐng、gǎng kǒu hé tiān shǐ wān。"},{"zh":"那又怎样？","py":"nà yòu zěn yàng？"},{"zh":"那艘游轮上都是英国人。","py":"nà sōu yóu lún shàng dōu shì yīng guó rén。"},{"zh":"它正在接受隔离，不允许进入港口。","py":"tā zhèng zài jiē shòu gé lí，bù yǔn xǔ jìn rù gǎng kǒu。"},{"zh":"发生了什么事？","py":"fā shēng le shén me shì？"},{"zh":"他们说船上有一个埃博拉病例。","py":"tā men shuō chuán shàng yǒu yí gè āi bó lā bìng lì。"},{"zh":"我的妈呀!","py":"wǒ de mā ya!"},{"zh":"莱昂纳多在滨海公寓的阳台上。","py":"lái áng nà duō zài bīn hǎi gōng yù de yáng tái shàng。"},{"zh":"他拨通了汉娜的电话。","py":"tā bō tōng le hàn nà de diàn huà。"},{"zh":"汉娜是一个22岁的法国学生，来自巴黎。","py":"hàn nà shì yí gè22suì de fǎ guó xué shēng，lái zì bā lí。"},{"zh":"她在卡利亚里参加为期9个月的伊拉斯谟课程。","py":"tā zài kǎ lì yà lǐ cān jiā wéi qī9gè yuè de yī lā sī mó kè chéng。"},{"zh":"汉娜，是你吗？","py":"hàn nà，shì nǐ ma？"},{"zh":"我在用我爷爷的手机打电话。","py":"wǒ zài yòng wǒ yé yé de shǒu jī dǎ diàn huà。"},{"zh":"我刚刚醒过来。","py":"wǒ gāng gāng xǐng guò lái。"},{"zh":"那真是太好了。","py":"nà zhēn shì tài hǎo le。"},{"zh":"我们在9点钟有一个约会。","py":"wǒ men zài9diǎn zhōng yǒu yí gè yuē huì。"},{"zh":"我一直想给你打电话，已经两个小时了!","py":"wǒ yì zhí xiǎng gěi nǐ dǎ diàn huà，yǐ jīng liǎng gè xiǎo shí le!"},{"zh":"我的手机没电了。","py":"wǒ de shǒu jī méi diàn le。"},{"zh":"对不起。","py":"duì bù qǐ。"},{"zh":"对不起，嗯！","py":"duì bù qǐ，ń！"},{"zh":"像往常一样，你从来没有准时过。","py":"xiàng wǎng cháng yī yàng，nǐ cóng lái méi yǒu zhǔn shí guò。"},{"zh":"你要想好，亲爱的：关于气候变化的会议你到底感不感兴趣？","py":"nǐ yào xiǎng hǎo，qīn ài de：guān yú qì hòu biàn huà de huì yì nǐ dào dǐ gǎn bù gǎn xìng qù？"},{"zh":"我们正在为下周五的游行做准备。","py":"wǒ men zhèng zài wèi xià zhōu wǔ de yóu xíng zuò zhǔn bèi。"},{"zh":"该死的，难道你不明白我们的未来就在眼前？","py":"gāi sǐ de，nán dào nǐ bù míng bái wǒ men de wèi lái jiù zài yǎn qián？"},{"zh":"不要再叫了！","py":"bú yào zài jiào le！"},{"zh":"你知道吗？","py":"nǐ zhī dào ma？"},{"zh":"我下周会去参加会议。","py":"wǒ xià zhōu huì qù cān jiā huì yì。"},{"zh":"对了，你听说过英国船的事吗？","py":"duì le，nǐ tīng shuō guò yīng guó chuán de shì ma？"},{"zh":"每个人都在谈论它。","py":"měi gè rén dōu zài tán lùn tā。"},{"zh":"镇上有点恐慌，因为船上的一个病人被直升机送到了Is Mirrionis医院。","py":"zhèn shàng yǒu diǎn kǒng huāng，yīn wèi chuán shàng de yí gè bìng rén bèi zhí shēng jī sòng dào le I s M i r r i o n i s yī yuàn。"},{"zh":"恐慌？","py":"kǒng huāng？"},{"zh":"人们说有病人从医院里逃出来了。","py":"rén men shuō yǒu bìng rén cóng yī yuàn lǐ táo chū lái le。"},{"zh":"你认为这很严重吗？","py":"nǐ rèn wéi zhè hěn yán zhòng ma？"},{"zh":"现在会发生什么？","py":"xiàn zài huì fā shēng shén me？"},{"zh":"不知道。","py":"bù zhī dào。"},{"zh":"顺便说一句，如果你早点醒过来，你可以陪玛蒂娜去看医生。","py":"shùn biàn shuō yī jù，rú guǒ nǐ zǎo diǎn xǐng guò lái，nǐ kě yǐ péi mǎ dì nà qù kàn yī shēng。"},{"zh":"所以她决定流产了？","py":"suǒ yǐ tā jué dìng liú chǎn le？"},{"zh":"你没有想到吗？","py":"nǐ méi yǒu xiǎng dào ma？"},{"zh":"我当然想到了，但我知道有人会很生气。","py":"wǒ dāng rán xiǎng dào le，dàn wǒ zhī dào yǒu rén huì hěn shēng qì。"},{"zh":"凯文的意见并不重要，玛蒂娜可能已经做出了正确的选择。","py":"kǎi wén de yì jiàn bìng bú zhòng yào，mǎ dì nà kě néng yǐ jīng zuò chū le zhèng què de xuǎn zé。"},{"zh":"那现在呢？","py":"nà xiàn zài ne？"},{"zh":"来吧，快走吧。","py":"lái ba，kuài zǒu ba。"},{"zh":"如果你抓紧时间，你会及时赶到 杀死Facebook 项目的介绍会。","py":"rú guǒ nǐ zhuā jǐn shí jiān，nǐ huì jí shí gǎn dào shā sǐ F a c e b o o k xiàng mù dì jiè shào huì。"},{"zh":"中午在MEM*。","py":"zhōng wǔ zài M E M*。"},{"zh":"我得和弗朗西斯科去圣贝内代托市场。","py":"wǒ dé hé fú lǎng xī sī kē qù shèng bèi nèi dài tuō shì chǎng。"},{"zh":"去市场？","py":"qù shì chǎng？"},{"zh":"去做什么？","py":"qù zuò shén me？"},{"zh":"去买食物。","py":"qù mǎi shí wù。"},{"zh":"你忘了我们要在奇亚的野餐吗？","py":"nǐ wàng le wǒ men yào zài qí yà de yě cān ma？"},{"zh":"哦，不！","py":"ó，bù！"},{"zh":"我们在海边的野餐！","py":"wǒ men zài hǎi biān de yě cān！"},{"zh":"完全忘了！","py":"wán quán wàng le！"},{"zh":"是明天还是后天？","py":"shì míng tiān hái shì hòu tiān？"},{"zh":"明天，你这个臭脑子。","py":"míng tiān，nǐ zhè gè chòu nǎo zi。"},{"zh":"来吧，现在快点！","py":"lái ba，xiàn zài kuài diǎn！"},{"zh":"让我们杀死Facebook吧!","py":"ràng wǒ men shā sǐ F a c e b o o k ba!"},{"zh":"汉娜和弗朗西斯科（玛蒂娜的前男友，一个24岁来自米兰的建筑系学生）在圣贝内代托市场相遇。","py":"hàn nà hé fú lǎng xī sī kē（mǎ dì nà de qián nán yǒu，yí gè24suì lái zì mǐ lán de jiàn zhù xì xué shēng）zài shèng bèi nèi dài tuō shì chǎng xiāng yù。"},{"zh":"真是个混蛋，那个莱昂纳多。","py":"zhēn shì gè hùn dàn，nà gè lái áng nà duō。"},{"zh":"他错过了周五的示威会议。","py":"tā cuò guò le zhōu wǔ de shì wēi huì yì。"},{"zh":"还在嗑药？","py":"hái zài kē yào？"},{"zh":"应该是的。","py":"yīng gāi shì de。"},{"zh":"不能再这样下去了。","py":"bù néng zài zhè yàng xià qù le。"},{"zh":"他完全搞砸了！","py":"tā wán quán gǎo zá le！"},{"zh":"算了吧！","py":"suàn le ba！"},{"zh":"现在，我们应该考虑的是水果和蔬菜。","py":"xiàn zài，wǒ men yīng gāi kǎo lǜ de shì shuǐ guǒ hé shū cài。"},{"zh":"明天在奇亚，我们再骂他。","py":"míng tiān zài qí yà，wǒ men zài mà tā。"},{"zh":"顺便问一下：有关于游轮的消息吗？","py":"shùn biàn wèn yī xià：yǒu guān yú yóu lún de xiāo xī ma？"},{"zh":"有，是 “不列颠热带雨林” 号，船上有5000人。","py":"yǒu，shì“bù liè diān rè dài yǔ lín” hào，chuán shàng yǒu5000rén。"},{"zh":"几乎都是英国国籍的人。","py":"jī hū dōu shì yīng guó guó jí de rén。"},{"zh":"那么会有5000名死去的游客吗？","py":"nà me huì yǒu5000míng sǐ qù de yóu kè ma？"},{"zh":"当然不会! 莱昂纳多告诉我，埃博拉不像流感那样传播。","py":"dāng rán bú huì! lái áng nà duō gào sù wǒ，āi bó lā bù xiàng liú gǎn nà yàng chuán bō。"},{"zh":"需要直接接触。","py":"xū yào zhí jiē jiē chù。"},{"zh":"就像艾滋病一样，必须要与感染的人睡才能被感染？","py":"jiù xiàng ài zī bìng yī yàng，bì xū yào yǔ gǎn rǎn de rén shuì cái néng bèi gǎn rǎn？"},{"zh":"可惜不是。","py":"kě xī bú shì。"},{"zh":"埃博拉病毒更容易传播。","py":"āi bó lā bìng dú gèng róng yì chuán bō。"},{"zh":"被传染，你只需接触体液--血液、唾液、尿液、精液、汗液、粪便、呕吐物。","py":"bèi chuán rǎn，nǐ zhǐ xū jiē chù tǐ yè--xuè yè、tuò yè、niào yè、jīng yè、hàn yè、fèn biàn、ǒu tù wù。"},{"zh":"我们对病人的情况有了解吗？","py":"wǒ men duì bìng rén de qíng kuàng yǒu liǎo jiě ma？"},{"zh":"显然，他是一名前MI6官员。","py":"xiǎn rán，tā shì yī míng qián M I6guān yuán。"},{"zh":"什么是MI6？","py":"shén me shì M I6？"},{"zh":"英国的秘密机构。","py":"yīng guó de mì mì jī gòu。"},{"zh":"三个星期前，他从一个疫区回来。","py":"sān gè xīng qī qián，tā cóng yí gè yì qū huí lái。"},{"zh":"真的吗？","py":"zhēn de ma？"},{"zh":"说到喝的--我们应该买什么酒？","py":"shuō dào hē de--wǒ men yīng gāi mǎi shén me jiǔ？"},{"zh":"桑塔迪红葡萄酒还不错。","py":"sāng tǎ dí hóng pú táo jiǔ hái bú cuò。"},{"zh":"还是你更喜欢白葡萄酒？","py":"hái shì nǐ gèng xǐ huān bái pú táo jiǔ？"},{"zh":"我更喜欢红葡萄酒。","py":"wǒ gèng xǐ huān hóng pú táo jiǔ。"},{"zh":"现在看好水果和蔬菜。","py":"xiàn zài kàn hǎo shuǐ guǒ hé shū cài。"},{"zh":"我去拿面包和奶酪。","py":"wǒ qù ná miàn bāo hé nǎi lào。"},{"zh":"好的，回头见。","py":"hǎo de，huí tóu jiàn。"},{"zh":"汉娜走了，然后转身。","py":"hàn nà zǒu le，rán hòu zhuǎn shēn。"},{"zh":"对了，你为什么不和玛蒂娜一起去看医生？","py":"duì le，nǐ wèi shén me bù hé mǎ dì nà yì qǐ qù kàn yī shēng？"},{"zh":"玛蒂娜和亚历山大在罗马路的拱廊下一起散步。","py":"mǎ dì nà hé yà lì shān dà zài luó mǎ lù de gǒng láng xià yì qǐ sàn bù。"},{"zh":"玛蒂娜是一个来自撒丁岛的25岁记者,出生在阿尔盖罗。","py":"mǎ dì nà shì yí gè lái zì sā dīng dǎo de25suì jì zhě,chū shēng zài ā ěr gài luó。"},{"zh":"亚历山大是一个来自塞维利亚的22岁的西班牙人。","py":"yà lì shān dà shì yí gè lái zì sāi wéi lì yà de22suì de xī bān yá rén。"},{"zh":"你想清楚了吗？","py":"nǐ xiǎng qīng chǔ le ma？"},{"zh":"是的。","py":"shì de。"},{"zh":"你跟弗朗西斯科说了吗？","py":"nǐ gēn fú lǎng xī sī kē shuō le ma？"},{"zh":"没有，他与此毫无关系。","py":"méi yǒu，tā yǔ cǐ háo wú guān xì。"},{"zh":"但他是孩子的父亲。","py":"dàn tā shì hái zi de fù qīn。"},{"zh":"不，他不是父亲，因为不会有孩子。","py":"bù，tā bú shì fù qīn，yīn wèi bú huì yǒu hái zi。"},{"zh":"这么说吧，如果我们计划在一起生活，他可能是父亲。","py":"zhè me shuō ba，rú guǒ wǒ men jì huà zài yì qǐ shēng huó，tā kě néng shì fù qīn。"},{"zh":"那么，你们没有计划在一起生活？","py":"nà me，nǐ men méi yǒu jì huà zài yì qǐ shēng huó？"},{"zh":"根本就没有。","py":"gēn běn jiù méi yǒu。"},{"zh":"从来没有。","py":"cóng lái méi yǒu。"},{"zh":"即使我们在一起了，你认为现在是生孩子的好时机吗？","py":"jí shǐ wǒ men zài yì qǐ le，nǐ rèn wéi xiàn zài shì shēng hái zi de hǎo shí jī ma？"},{"zh":"25岁没有稳定的工作，你能想象自己有一个孩子要养吗？","py":"25suì méi yǒu wěn dìng de gōng zuò，nǐ néng xiǎng xiàng zì jǐ yǒu yí gè hái zi yào yǎng ma？"},{"zh":"想象不到。","py":"xiǎng xiàng bú dào。"},{"zh":"一个街头小贩提供了一份当地报纸《岛民联盟》的特刊。","py":"yí gè jiē tóu xiǎo fàn tí gōng le yī fèn dāng dì bào zhǐ《dǎo mín lián méng》de tè kān。"},{"zh":"亚历山大买了一份。","py":"yà lì shān dà mǎi le yī fèn。"},{"zh":"标题。","py":"biāo tí。"},{"zh":"”不列颠号上的恐慌”。","py":"”bù liè diān hào shàng de kǒng huāng”。"},{"zh":"你能想象这种恐慌吗？","py":"nǐ néng xiǎng xiàng zhè zhǒng kǒng huāng ma？"},{"zh":"他们说，有些人试图弃船游上岸。","py":"tā men shuō，yǒu xiē rén shì tú qì chuán yóu shàng àn。"},{"zh":"那又怎样？","py":"nà yòu zěn yàng？"},{"zh":"他们被警察抓住了，并被带回了船上。","py":"tā men bèi jǐng chá zhuā zhù le，bìng bèi dài huí le chuán shàng。"},{"zh":"报纸上说什么？","py":"bào zhǐ shàng shuō shén me？"},{"zh":"被怀疑患有埃博拉病毒的英国人出生于1964年6月。","py":"bèi huái yí huàn yǒu āi bó lā bìng dú de yīng guó rén chū shēng yú1964nián6yuè。"},{"zh":"前秘密特工，转为军火商，一周前病倒。","py":"qián mì mì tè gōng，zhuǎn wéi jūn huǒ shāng，yī zhōu qián bìng dào。"},{"zh":"一个由20名乘客组成的小组在过境期间照顾了他。","py":"yí gè yóu20míng chéng kè zǔ chéng de xiǎo zǔ zài guò jìng qī jiān zhào gù le tā。"},{"zh":"因此，20人有可能被感染。","py":"yīn cǐ，20rén yǒu kě néng bèi gǎn rǎn。"},{"zh":"这是有可能的! 如果大英帝国的人打道回府，那就更好了。","py":"zhè shì yǒu kě néng de! rú guǒ dà yīng dì guó de rén dǎ dào huí fǔ，nà jiù gèng hǎo le。"},{"zh":"不是吗？","py":"bú shì ma？"},{"zh":"他们来到一座红色的大楼前。","py":"tā men lái dào yī zuò hóng sè de dà lóu qián。"},{"zh":"有一块铜牌，这表明是医生的办公室。","py":"yǒu yī kuài tóng pái，zhè biǎo míng shì yī shēng de bàn gōng shì。"},{"zh":"我们到了。","py":"wǒ men dào le。"},{"zh":"你要和我一起去吗？","py":"nǐ yào hé wǒ yì qǐ qù ma？"},{"zh":"爷爷塞巴斯蒂安诺和奶奶贝亚特丽斯（法国籍）谈论他们的孙子。","py":"yé yé sāi bā sī dì ān nuò hé nǎi nǎi bèi yà tè lì sī（fǎ guó jí）tán lùn tā men de sūn zi。"},{"zh":"莱昂纳多让我很担心。","py":"lái áng nà duō ràng wǒ hěn dān xīn。"},{"zh":"从今年年初开始，他就不一样了。","py":"cóng jīn nián nián chū kāi shǐ，tā jiù bù yí yàng le。"},{"zh":"他所参与的药物试验不是野餐*。","py":"tā suǒ cān yù de yào wù shì yàn bú shì yě cān*。"},{"zh":"然后是与汉娜的这件事。","py":"rán hòu shì yǔ hàn nà de zhè jiàn shì。"},{"zh":"当他们一年来一直处于危机之中时，搬去和她一起住真的是个好主意吗？","py":"dāng tā men yī nián lái yì zhí chǔ yú wēi jī zhī zhōng shí，bān qù hé tā yì qǐ zhù zhēn de shì gè hǎo zhǔ yì ma？"},{"zh":"不管怎么说，他都无法真正专注于他的学习了。","py":"bù guǎn zěn me shuō，tā dōu wú fǎ zhēn zhèng zhuān zhù yú tā de xué xí le。"},{"zh":"要想学习好，你必须要心静，而要心静，最好知道你是否与某人有关系。","py":"yào xiǎng xué xí hǎo，nǐ bì xū yào xīn jìng，ér yào xīn jìng，zuì hǎo zhī dào nǐ shì fǒu yǔ mǒu rén yǒu guān xì。"},{"zh":"更不用说他的 “常规 “焦虑了。","py":"gèng bú yòng shuō tā de“cháng guī“jiāo lǜ le。"},{"zh":"他对未来非常恐惧。","py":"tā duì wèi lái fēi cháng kǒng jù。"},{"zh":"啊，是的! 在今天的世界上平静地生活是一门艺术。","py":"a，shì de! zài jīn tiān de shì jiè shàng píng jìng dì shēng huó shì yī mén yì shù。"},{"zh":"心不平气不和并不是每周嗑药数次的借口。","py":"xīn bù píng qì bù hé bìng bú shì měi zhōu kē yào shù cì de jiè kǒu。"},{"zh":"帮我个忙，跟他说说这个问题。","py":"bāng wǒ gè máng，gēn tā shuō shuō zhè gè wèn tí。"},{"zh":"如果他能少抽点烟就好了!","py":"rú guǒ tā néng shǎo chōu diǎn yān jiù hǎo le!"},{"zh":"你是说，像我们一样，在过去的好日子里？","py":"nǐ shì shuō，xiàng wǒ men yī yàng，zài guò qù de hǎo rì zi lǐ？"},{"zh":"不是所有的事情都是美好的，不可能。","py":"bú shì suǒ yǒu de shì qíng dōu shì měi hǎo de，bù kě néng。"},{"zh":"乌托邦，斗争...","py":"wū tuō bāng，dòu zhēng..."},{"zh":"我们并没有输掉所有的战斗。","py":"wǒ men bìng méi yǒu shū diào suǒ yǒu de zhàn dòu。"},{"zh":"多亏了我们，社会已经进化了。","py":"duō kuī le wǒ men，shè huì yǐ jīng jìn huà le。"},{"zh":"而且妇女已经获得了堕胎的权利，女同性恋者可以结婚。","py":"ér qiě fù nǚ yǐ jīng huò dé le duò tāi de quán lì，nǚ tóng xìng liàn zhě kě yǐ jié hūn。"},{"zh":"贝亚特丽斯从图书馆拿了一本书，给塞巴斯蒂安诺看。","py":"bèi yà tè lì sī cóng tú shū guǎn ná le yī běn shū，gěi sāi bā sī dì ān nuò kàn。"},{"zh":"看，这是我们写的第一本外语书! 差不多是40年前! 你还记得关于大麻合法化的内容吗？","py":"kàn，zhè shì wǒ men xiě de dì yī běn wài yǔ shū! chà bù duō shì40nián qián! nǐ hái jì de guān yú dà má hé fǎ huà de nèi róng ma？"},{"zh":"你能读给我听吗？","py":"nǐ néng dú gěi wǒ tīng ma？"},{"zh":"*一对年轻夫妇搭上了莱昂纳多的便车，莱昂纳多准备在罗马路放下他们时，突然出现了一辆宪兵的汽车。","py":"*yī duì nián qīng fū fù dā shàng le lái áng nà duō de biàn chē，lái áng nà duō zhǔn bèi zài luó mǎ lù fàng xià tā men shí，tū rán chū xiàn le yī liàng xiàn bīng de qì chē。"},{"zh":"在搜查女孩的背包时发现有12块大麻。","py":"zài sōu chá nǚ hái de bēi bāo shí fā xiàn yǒu12kuài dà má。"},{"zh":"后来，当他们搜查女孩的房子时，宪兵发现了200克可卡因、一台精密天平和包装材料。","py":"hòu lái，dāng tā men sōu chá nǚ hái de fáng zi shí，xiàn bīng fā xiàn le200kè kě kǎ yīn、yī tái jīng mì tiān píng hé bāo zhuāng cái liào。"},{"zh":"汉娜和弗朗西斯科离开市场，发现自己在一家大型糕点店前。","py":"hàn nà hé fú lǎng xī sī kē lí kāi shì chǎng，fā xiàn zì jǐ zài yī jiā dà xíng gāo diǎn diàn qián。"},{"zh":"你为什么不和玛蒂娜一起去看医生？","py":"nǐ wèi shén me bù hé mǎ dì nà yì qǐ qù kàn yī shēng？"},{"zh":"你知道，我们已经不是真的在一起了。","py":"nǐ zhī dào，wǒ men yǐ jīng bú shì zhēn de zài yì qǐ le。"},{"zh":"我提议说陪她去，但她更愿意和亚历山大一起去。","py":"wǒ tí yì shuō péi tā qù，dàn tā gèng yuàn yì hé yà lì shān dà yī qǐ qù。"},{"zh":"好吧，好吧...","py":"hǎo ba，hǎo ba..."},{"zh":"不，他们之间没有什么。","py":"bù，tā men zhī jiān méi yǒu shén me。"},{"zh":"对了，你知道堕胎是怎么做的吗？","py":"duì le，nǐ zhī dào duò tāi shì zěn me zuò de ma？"},{"zh":"医生可能会问玛蒂娜，她是否确定要堕胎，并解释不同的方法。","py":"yī shēng kě néng huì wèn mǎ dì nà，tā shì fǒu què dìng yào duò tāi，bìng jiě shì bù tóng de fāng fǎ。"},{"zh":"之后，玛蒂娜得等七天。","py":"zhī hòu，mǎ dì nà dé děng qī tiān。"},{"zh":"然后，她会去医院。","py":"rán hòu，tā huì qù yī yuàn。"},{"zh":"堕胎的不同方法？","py":"duò tāi de bù tóng fāng fǎ？"},{"zh":"她将不得不在堕胎药和器械流产之间做出选择。","py":"tā jiāng bù dé bù zài duò tāi yào hé qì xiè liú chǎn zhī jiān zuò chū xuǎn zé。"},{"zh":"说了这么多，你就不能更小心一点吗？","py":"shuō le zhè me duō，nǐ jiù bù néng gèng xiǎo xīn yì diǎn ma？"},{"zh":"在你这个年龄让一个女孩怀孕真的是不负责任！","py":"zài nǐ zhè gè nián líng ràng yí gè nǚ hái huái yùn zhēn de shì bù fù zé rèn！"},{"zh":"你知道吗？","py":"nǐ zhī dào ma？"},{"zh":"通常我都会使用安全套，但当我没有安全套的时候，我就会抽出。","py":"tōng cháng wǒ dōu huì shǐ yòng ān quán tào，dàn dāng wǒ méi yǒu ān quán tào de shí hòu，wǒ jiù huì chōu chū。"},{"zh":"但是那一天，它没有发挥作用。","py":"dàn shì nà yī tiān，tā méi yǒu fā huī zuò yòng。"},{"zh":"至于玛蒂娜，她总是拒绝吃药。","py":"zhì yú mǎ dì nà，tā zǒng shì jù jué chī yào。"},{"zh":"你真是傻瓜！","py":"nǐ zhēn shì shǎ guā！"},{"zh":"汉娜指着购物袋。","py":"hàn nà zhǐ zhe gòu wù dài。"},{"zh":"给我看看！","py":"gěi wǒ kàn kàn！"},{"zh":"你买了什么？","py":"nǐ mǎi le shén me？"},{"zh":"一块巨大的水牛奶酪，一根干的奥利纳香肠，半成熟的绵羊奶酪，新鲜的西奈山羊奶酪和卡拉索面包。","py":"yī kuài jù dà de shuǐ niú nǎi lào，yī gēn gàn de ào lì nà xiāng cháng，bàn chéng shú de mián yáng nǎi lào，xīn xiān de xī nài shān yáng nǎi lào hé kǎ lā suǒ miàn bāo。"},{"zh":"你呢？","py":"nǐ ne？"},{"zh":"韭菜、胡萝卜、茴香、芹菜枝和一些西红柿。","py":"jiǔ cài、hú luó bo、huí xiāng、qín cài zhī hé yī xiē xī hóng shì。"},{"zh":"没有水果吗？","py":"méi yǒu shuǐ guǒ ma？"},{"zh":"你知道，这个季节没有什么东西。","py":"nǐ zhī dào，zhè gè jì jié méi yǒu shén me dōng xī。"},{"zh":"但我发现了草莓，我们可以撒上柠檬汁。","py":"dàn wǒ fā xiàn le cǎo méi，wǒ men kě yǐ sā shàng níng méng zhī。"},{"zh":"很好 ! 我们明天什么时候集合去野餐？","py":"hěn hǎo! wǒ men míng tiān shén me shí hòu jí hé qù yě cān？"},{"zh":"莱昂纳多和扬在 “杀死Facebook “项目的会议前。","py":"lái áng nà duō hé yáng zài“shā sǐ F a c e b o o k“xiàng mù dì huì yì qián。"},{"zh":"杨是一个18岁的荷兰孩子，是社交媒体的忠实粉丝。","py":"yáng shì yí gè18suì de hé lán hái zi，shì shè jiāo méi tǐ de zhōng shí fěn sī。"},{"zh":"莱昂纳多，你不是认真的吧？","py":"lái áng nà duō，nǐ bú shì rèn zhēn de ba？"},{"zh":"在海滩上一整天不拍照？","py":"zài hǎi tān shàng yī zhěng tiān bù pāi zhào？"},{"zh":"不在互联网上发布任何信息？","py":"bù zài hù lián wǎng shàng fā bù rèn hé xìn xī？"},{"zh":"听着杨，大家都同意这一点。","py":"tīng zhe yáng，dà jiā dōu tóng yì zhè yì diǎn。"},{"zh":"在我们的野餐中，将只有一部手机--我的。","py":"zài wǒ men de yě cān zhōng，jiāng zhǐ yǒu yī bù shǒu jī--wǒ de。"},{"zh":"以防出现紧急情况。","py":"yǐ fáng chū xiàn jǐn jí qíng kuàng。"},{"zh":"其他人都会把手机留在家里。","py":"qí tā rén dōu huì bǎ shǒu jī liú zài jiā lǐ。"},{"zh":"但这很愚蠢，完全不现实。","py":"dàn zhè hěn yú chǔn，wán quán bù xiàn shí。"},{"zh":"你不可能通过花一天时间不使用手机来改变世界！","py":"nǐ bù kě néng tōng guò huā yī tiān shí jiān bù shǐ yòng shǒu jī lái gǎi biàn shì jiè！"},{"zh":"你呢？","py":"nǐ ne？"},{"zh":"你呢？","py":"nǐ ne？"},{"zh":"你每天在Instagram上发一张自拍，能给世界带来什么？","py":"nǐ měi tiān zài I n s t a g r a m shàng fā yī zhāng zì pāi，néng gěi shì jiè dài lái shén me？"},{"zh":"你关心什么呢？","py":"nǐ guān xīn shén me ne？"},{"zh":"放下吧! 如果我们不从某些方面开始，我们将永远不会改变任何东西。","py":"fàng xià ba! rú guǒ wǒ men bù cóng mǒu xiē fāng miàn kāi shǐ，wǒ men jiāng yǒng yuǎn bú huì gǎi biàn rèn hé dōng xī。"},{"zh":"你到底想改变什么？","py":"nǐ dào dǐ xiǎng gǎi biàn shén me？"},{"zh":"减少社交网络的影响。","py":"jiǎn shǎo shè jiāo wǎng luò de yǐng xiǎng。"},{"zh":"Facebook、Twitter、YouTube、Instagram、Snapchat和Tiktok不会带来真正的交流和团结。","py":"F a c e b o o k、T w i t t e r、Y o u T u b e、I n s t a g r a m、S n a p c h a t hé T i k t o k bú huì dài lái zhēn zhèng de jiāo liú hé tuán jié。"},{"zh":"它们是人类的敌人!","py":"tā men shì rén lèi de dí rén!"},{"zh":"但你一定是在开玩笑! 网络是未来，是进步! 它们使我们能够成为世界的中心! 看看我吧! 我已经有超过10,000名粉丝。","py":"dàn nǐ yí dìng shì zài kāi wán xiào! wǎng luò shì wèi lái，shì jìn bù! tā men shǐ wǒ men néng gòu chéng wéi shì jiè de zhōng xīn! kàn kàn wǒ ba! wǒ yǐ jīng yǒu chāo guò10,000míng fěn sī。"},{"zh":"很快，我就能靠社交媒体谋生了。","py":"hěn kuài，wǒ jiù néng kào shè jiāo méi tǐ móu shēng le。"},{"zh":"没有必要再把时间浪费在学习上了!","py":"méi yǒu bì yào zài bǎ shí jiān làng fèi zài xué xí shàng le!"},{"zh":"好了，网红先生，会议开始了。","py":"hǎo le，wǎng hóng xiān shēng，huì yì kāi shǐ le。"},{"zh":"顺便问一下，你为什么会出现？","py":"shùn biàn wèn yī xià，nǐ wèi shén me huì chū xiàn？"},{"zh":"通常情况下，你对你的“部落”很忠诚。","py":"tōng cháng qíng kuàng xià，nǐ duì nǐ de“bù luò”hěn zhōng chéng。"},{"zh":"要说我们不应该杀死Facebook。","py":"yào shuō wǒ men bù yīng gāi shā sǐ F a c e b o o k。"},{"zh":"玛蒂娜和亚历山大从医生办公室出来。","py":"mǎ dì nà hé yà lì shān dà cóng yī shēng bàn gōng shì chū lái。"},{"zh":"他们穿过罗马路，到达小码头。","py":"tā men chuān guò luó mǎ lù，dào dá xiǎo mǎ tóu。"},{"zh":"嗯……还是很坚定？","py":"ń……hái shì hěn jiān dìng？"},{"zh":"是的，比以前更坚定了。","py":"shì de，bǐ yǐ qián gèng jiān dìng le。"},{"zh":"是我在做梦还是医生试图说服你留下孩子？","py":"shì wǒ zài zuò mèng hái shì yī shēng shì tú shuō fú nǐ liú xià hái zi？"},{"zh":"我也这么觉得。","py":"wǒ yě zhè me jué de。"},{"zh":"他们沿着码头走了一会儿，没有说话，码头上停泊着很多船。","py":"tā men yán zhe mǎ tóu zǒu le yī huì er，méi yǒu shuō huà，mǎ tóu shàng tíng bó zhe hěn duō chuán。"},{"zh":"你还好吗？","py":"nǐ hái hǎo ma？"},{"zh":"是的，我很好。","py":"shì de，wǒ hěn hǎo。"},{"zh":"但我还是觉得很奇怪。","py":"dàn wǒ hái shì jué de hěn qí guài。"},{"zh":"我从未想过我的第一次怀孕会是这样的结局。","py":"wǒ cóng wèi xiǎng guò wǒ de dì yī cì huái yùn huì shì zhè yàng de jié jú。"},{"zh":"凯文告诉我，他不明白你为什么要堕胎。","py":"kǎi wén gào sù wǒ，tā bù míng bái nǐ wèi shén me yào duò tāi。"},{"zh":"凯文是个白痴。","py":"kǎi wén shì gè bái chī。"},{"zh":"此外，当女人谈论避孕或堕胎时，男人最好保持沉默。","py":"cǐ wài，dāng nǚ rén tán lùn bì yùn huò duò tāi shí，nán rén zuì hǎo bǎo chí chén mò。"},{"zh":"在议会中也一样。","py":"zài yì huì zhōng yě yī yàng。"},{"zh":"这要由我们来决定。","py":"zhè yào yóu wǒ men lái jué dìng。"},{"zh":"胎儿不会在你的肚子里生长。","py":"tāi ér bú huì zài nǐ de dǔ zi lǐ shēng zhǎng。"},{"zh":"你已经变成了一个真正的女权主义者！","py":"nǐ yǐ jīng biàn chéng le yí gè zhēn zhèng de nǚ quán zhǔ yì zhě！"},{"zh":"这让我很生气。","py":"zhè ràng wǒ hěn shēng qì。"},{"zh":"显然，我更愿意和一个爱我的男人，一个我爱的男人，在我们有能力抚养孩子的时候怀孕。","py":"xiǎn rán，wǒ gèng yuàn yì hé yí gè ài wǒ de nán rén，yí gè wǒ ài de nán rén，zài wǒ men yǒu néng lì fǔ yǎng hái zi de shí hòu huái yùn。"},{"zh":"总而言之，堕胎不是开玩笑的事。","py":"zǒng ér yán zhī，duò tāi bú shì kāi wán xiào de shì。"},{"zh":"它仍然是一个人!","py":"tā réng rán shì yí gè rén!"},{"zh":"你也这么认为吗？","py":"nǐ yě zhè me rèn wéi ma？"},{"zh":"不要再讲这种道德主义的废话了！","py":"bú yào zài jiǎng zhè zhǒng dào dé zhǔ yì de fèi huà le！"},{"zh":"你很清楚，在这个阶段，胎儿仍然只是一个人形的轮廓。","py":"nǐ hěn qīng chǔ，zài zhè gè jiē duàn，tāi ér réng rán zhǐ shì yí gè rén xíng de lún kuò。"},{"zh":"我现在是怀孕的第五周。","py":"wǒ xiàn zài shì huái yùn de dì wǔ zhōu。"},{"zh":"你认为你所说的“人”是什么样子的？","py":"nǐ rèn wéi nǐ suǒ shuō de“rén”shì shén me yàng zi de？"},{"zh":"事实上，我不知道。","py":"shì shí shàng，wǒ bù zhī dào。"},{"zh":"它有扁豆那么大，看起来像个幼虫。","py":"tā yǒu biǎn dòu nà me dà，kàn qǐ lái xiàng gè yòu chóng。"},{"zh":"来吧，理智点！","py":"lái ba，lǐ zhì diǎn！"},{"zh":"我们不是在中世纪，宗教裁判所早已结束。","py":"wǒ men bú shì zài zhōng shì jì，zōng jiào cái pàn suǒ zǎo yǐ jié shù。"},{"zh":"请让我们独自决定吧","py":"qǐng ràng wǒ men dú zì jué dìng ba"},{"zh":"贝亚特丽斯大声朗读她和塞巴斯蒂安诺年轻时出版的一本法语手册的节选。","py":"bèi yà tè lì sī dà shēng lǎng dú tā hé sāi bā sī dì ān nuò nián qīng shí chū bǎn de yī běn fǎ yǔ shǒu cè de jié xuǎn。"},{"zh":"我不明白：香烟和酒精是毒品，对吗？","py":"wǒ bù míng bái：xiāng yān hé jiǔ jīng shì dú pǐn，duì ma？"},{"zh":"当然，此外，它们还会引发很多疾病。","py":"dāng rán，cǐ wài，tā men hái huì yǐn fā hěn duō jí bìng。"},{"zh":"而国家为什么不像对待其他毒品那样禁止它们？","py":"ér guó jiā wèi shén me bù xiàng duì dài qí tā dú pǐn nà yàng jìn zhǐ tā men？"},{"zh":"特别是当你认为有证据表明，酒精和香烟的危害远远大于大麻。","py":"tè bié shì dāng nǐ rèn wéi yǒu zhèng jù biǎo míng，jiǔ jīng hé xiāng yān de wēi hài yuǎn yuǎn dà yú dà má。"},{"zh":"这很简单。","py":"zhè hěn jiǎn dān。"},{"zh":"国家不能对大麻征税，它太容易种植了。","py":"guó jiā bù néng duì dà má zhēng shuì，tā tài róng yì zhòng zhí le。"},{"zh":"为了你每年的消费，你只需要种植一些种子，给它们浇水并有足够的阳光。","py":"wèi le nǐ měi nián de xiāo fèi，nǐ zhǐ xū yào zhòng zhí yī xiē zhǒng zi，gěi tā men jiāo shuǐ bìng yǒu zú gòu de yáng guāng。"},{"zh":"贝亚特丽斯放下了书。","py":"bèi yà tè lì sī fàng xià le shū。"},{"zh":"近40年过去了，一切都没有改变。","py":"jìn40nián guò qù le，yī qiè dōu méi yǒu gǎi biàn。"},{"zh":"塞巴斯蒂安诺，有很多国家的人有权在花园里种大麻吗？","py":"sāi bā sī dì ān nuò，yǒu hěn duō guó jiā de rén yǒu quán zài huā yuán lǐ zhǒng dà má ma？"},{"zh":"很少。","py":"hěn shǎo。"},{"zh":"然而，大麻的危害比酒精或烟草小。","py":"rán ér，dà má de wēi hài bǐ jiǔ jīng huò yān cǎo xiǎo。"},{"zh":"烟草会引发一些并发症：阳痿、心脏病发作、中风、肺癌。","py":"yān cǎo huì yǐn fā yī xiē bìng fā zhèng：yáng wěi、xīn zàng bìng fā zuò、zhòng fēng、fèi ái。"},{"zh":"大麻并非如此，但话虽如此，它也并非没有危险。","py":"dà má bìng fēi rú cǐ，dàn huà suī rú cǐ，tā yě bìng fēi méi yǒu wēi xiǎn。"},{"zh":"比如说？","py":"bǐ rú shuō？"},{"zh":"刺激肺部，心率加快，妄想症......","py":"cì jī fèi bù，xīn lǜ jiā kuài，wàng xiǎng zhèng......"},{"zh":"你指的是我们那些抽了几十年大麻而变得偏执的朋友吗？","py":"nǐ zhǐ de shì wǒ men nà xiē chōu le jǐ shí nián dà má ér biàn dé piān zhí de péng yǒu ma？"},{"zh":"只有少数人。","py":"zhǐ yǒu shǎo shù rén。"},{"zh":"幸好如此。","py":"xìng hǎo rú cǐ。"},{"zh":"但今天情况不同了：大麻不再是大麻了。","py":"dàn jīn tiān qíng kuàng bù tóng le：dà má bù zài shì dà má le。"},{"zh":"今天的大麻可能比我们年轻时使用的强得多。","py":"jīn tiān de dà má kě néng bǐ wǒ men nián qīng shí shǐ yòng de qiáng dé duō。"},{"zh":"所以，是的，今天，有一种成瘾的风险，在我们那个时代并不存在。","py":"suǒ yǐ，shì de，jīn tiān，yǒu yī zhǒng chéng yǐn de fēng xiǎn，zài wǒ men nà gè shí dài bìng bù cún zài。"},{"zh":"你的意思是，如果我们是年轻人，我们可能处理不好大麻的问题？","py":"nǐ de yì sī shì，rú guǒ wǒ men shì nián qīng rén，wǒ men kě néng chǔ lǐ bù hǎo dà má de wèn tí？"},{"zh":"也许处理不好。","py":"yě xǔ chǔ lǐ bù hǎo。"},{"zh":"我一定是在做梦! 你不会是在告诉我你支持禁令吧？","py":"wǒ yí dìng shì zài zuò mèng! nǐ bú huì shì zài gào sù wǒ nǐ zhī chí jìn lìng ba？"},{"zh":"今天的大麻效力可能是这项禁令得以持续的唯一原因。","py":"jīn tiān de dà má xiào lì kě néng shì zhè xiàng jìn lìng dé yǐ chí xù de wéi yī yuán yīn。"},{"zh":"我的天呐？","py":"wǒ de tiān nà？"},{"zh":"我们是怎么了？","py":"wǒ men shì zěn me le？"},{"zh":"我们正在进行老年人的谈话。","py":"wǒ men zhèng zài jìn xíng lǎo nián rén de tán huà。"},{"zh":"那又怎样？","py":"nà yòu zěn yàng？"},{"zh":"我们是二十几岁的人吗？","py":"wǒ men shì èr shí jǐ suì de rén ma？"},{"zh":"四月，星期六，上午11点，玛蒂娜开着一辆老式菲亚特500。","py":"sì yuè，xīng qī liù，shàng wǔ11diǎn，mǎ dì nà kāi zhe yī liàng lǎo shì fēi yà tè500。"},{"zh":"车内有六个人。","py":"chē nèi yǒu liù gè rén。"},{"zh":"她与拉奎尔聊天，拉奎尔来自马德里，24岁。","py":"tā yǔ lā kuí ěr liáo tiān，lā kuí ěr lái zì mǎ dé lǐ，24suì。"},{"zh":"突然，拉奎尔指着“不列颠”号。","py":"tū rán，lā kuí ěr zhǐ zhe“bù liè diān”hào。"},{"zh":"看烟！","py":"kàn yān！"},{"zh":"邮轮在移动。","py":"yóu lún zài yí dòng。"},{"zh":"停车!","py":"tíng chē!"},{"zh":"玛蒂娜把车停在有火烈鸟的泻湖边上。","py":"mǎ dì nà bǎ chē tíng zài yǒu huǒ liè niǎo de xiè hú biān shàng。"},{"zh":"你说得对，“不列颠”号正在离开港口。","py":"nǐ shuō dé duì，“bù liè diān”hào zhèng zài lí kāi gǎng kǒu。"},{"zh":"现在是英国人离开的时候了。","py":"xiàn zài shì yīng guó rén lí kāi de shí hòu le。"},{"zh":"他们在这里没有什么可做的了。","py":"tā men zài zhè lǐ méi yǒu shén me kě zuò de le。"},{"zh":"另外，他们就是个大麻烦！","py":"lìng wài，tā men jiù shì gè dà má fán！"},{"zh":"你这么说有点过。","py":"nǐ zhè me shuō yǒu diǎn guò。"},{"zh":"想想所有被困在那艘鬼船上的乘客！","py":"xiǎng xiǎng suǒ yǒu bèi kùn zài nà sōu guǐ chuán shàng de chéng kè！"},{"zh":"是啊，好吧。","py":"shì a，hǎo ba。"},{"zh":"但它仍然是一艘游船，正如莱昂纳多所说：”这些船真是一团糟”。","py":"dàn tā réng rán shì yī sōu yóu chuán，zhèng rú lái áng nà duō suǒ shuō：”zhè xiē chuán zhēn shì yī tuán zāo”。"},{"zh":"他们污染的程度能上天。","py":"tā men wū rǎn de chéng dù néng shàng tiān。"},{"zh":"而且无论他们走到哪里，都会破坏当地人的生活。","py":"ér qiě wú lùn tā men zǒu dào nǎ lǐ，dōu huì pò huài dāng dì rén de shēng huó。"},{"zh":"她在《马赛曲》的歌声中唱道。","py":"tā zài《mǎ sài qū》de gē shēng zhōng chàng dào。"},{"zh":"(孩子们，拿起武器！","py":"(hái zi men，ná qǐ wǔ qì！"},{"zh":"让我们把船弄沉！）。","py":"ràng wǒ men bǎ chuán nòng chén！）。"},{"zh":"邮轮一旦在港口被拆毁，就会变得有用。","py":"yóu lún yí dàn zài gǎng kǒu bèi chāi huǐ，jiù huì biàn dé yǒu yòng。"},{"zh":"让我们把它们改装一下吧!","py":"ràng wǒ men bǎ tā men gǎi zhuāng yī xià ba!"},{"zh":"我想知道它们能有什么用处。","py":"wǒ xiǎng zhī dào tā men néng yǒu shén me yòng chǔ。"},{"zh":"如果我们把它们改造成社会住房呢？","py":"rú guǒ wǒ men bǎ tā men gǎi zào chéng shè huì zhù fáng ne？"},{"zh":"我不知道你是如此激进，玛蒂娜。","py":"wǒ bù zhī dào nǐ shì rú cǐ jī jìn，mǎ dì nà。"},{"zh":"多么伟大的想法啊！","py":"duō me wěi dà de xiǎng fǎ a！"},{"zh":"社会住房和学生宿舍!","py":"shè huì zhù fáng hé xué shēng sù shè!"},{"zh":"终于有了一点多样性!","py":"zhōng yú yǒu le yì diǎn duō yàng xìng!"},{"zh":"此外，这些公司将有义务在30年内保持船舶的良好状态，以支付他们造成的所有损失。","py":"cǐ wài，zhè xiē gōng sī jiāng yǒu yì wù zài30nián nèi bǎo chí chuán bó de liáng hǎo zhuàng tài，yǐ zhī fù tā men zào chéng de suǒ yǒu sǔn shī。"},{"zh":"我说，你对气候的想法有那么强烈吗？","py":"wǒ shuō，nǐ duì qì hòu de xiǎng fǎ yǒu nà me qiáng liè ma？"},{"zh":"等我们到了巴黎你就知道了......","py":"děng wǒ men dào le bā lí nǐ jiù zhī dào le......"},{"zh":"下午六点。","py":"xià wǔ liù diǎn。"},{"zh":"汉娜和凯文，一个25岁的法国法律系学生，在卡利亚里车站前偶遇。","py":"hàn nà hé kǎi wén，yí gè25suì de fǎ guó fǎ lǜ xì xué shēng，zài kǎ lì yà lǐ chē zhàn qián ǒu yù。"},{"zh":"你在这里做什么？","py":"nǐ zài zhè lǐ zuò shén me？"},{"zh":"我把一个朋友送上了去机场的火车。","py":"wǒ bǎ yí gè péng yǒu sòng shàng le qù jī chǎng de huǒ chē。"},{"zh":"他要回塞维利亚。","py":"tā yào huí sāi wéi lì yà。"},{"zh":"凯文搓着他的手。","py":"kǎi wén cuō zhe tā de shǒu。"},{"zh":"两周后，就轮到我们了。","py":"liǎng zhōu hòu，jiù lún dào wǒ men le。"},{"zh":"是啊...","py":"shì a..."},{"zh":"你不高兴和我一起飞往巴黎吗？","py":"nǐ bù gāo xìng hé wǒ yì qǐ fēi wǎng bā lí ma？"},{"zh":"听着，最近发生了这么多事，我真的不想再跟你去了。","py":"tīng zhe，zuì jìn fā shēng le zhè me duō shì，wǒ zhēn de bù xiǎng zài gēn nǐ qù le。"},{"zh":"想想埃菲尔铁塔、卢浮宫、圣心教堂、塞纳河的码头......诸如此类的东西。","py":"xiǎng xiǎng āi fēi ěr tiě tǎ、lú fú gōng、shèng xīn jiào táng、sāi nà hé de mǎ tóu......zhū rú cǐ lèi de dōng xī。"},{"zh":"法国不仅是巴黎和它的景点；它也是堕胎药的国家。","py":"fǎ guó bù jǐn shì bā lí hé tā de jǐng diǎn；tā yě shì duò tāi yào de guó jiā。"},{"zh":"RU-486，这对你有什么意义吗？","py":"R U-486，zhè duì nǐ yǒu shén me yì yì ma？"},{"zh":"我以为这个问题我们已经讨论完了。","py":"wǒ yǐ wéi zhè gè wèn tí wǒ men yǐ jīng tǎo lùn wán le。"},{"zh":"能尊重我一下吗？","py":"néng zūn zhòng wǒ yī xià ma？"},{"zh":"尊重？","py":"zūn zhòng？"},{"zh":"伪君子!","py":"wěi jūn zi!"},{"zh":"你认为你尊重玛蒂娜吗？","py":"nǐ rèn wéi nǐ zūn zhòng mǎ dì nà ma？"},{"zh":"我只是表达了我的观点。","py":"wǒ zhǐ shì biǎo dá le wǒ de guān diǎn。"},{"zh":"鉴于她所处的情况，你可以做得不那么过。","py":"jiàn yú tā suǒ chù de qíng kuàng，nǐ kě yǐ zuò dé bù nà me guò。"},{"zh":"凯文转移了话题。","py":"kǎi wén zhuǎn yí le huà tí。"},{"zh":"顺便说一下，你听说了吗？","py":"shùn biàn shuō yī xià，nǐ tīng shuō le ma？"},{"zh":"那个得了埃博拉病毒的人。","py":"nà gè dé le āi bó lā bìng dú de rén。"},{"zh":"嗯，他已经死了。","py":"ń，tā yǐ jīng sǐ le。"},{"zh":"这将使军火商少一个。","py":"zhè jiāng shǐ jūn huǒ shāng shǎo yí gè。"},{"zh":"目前，关于英国人的话题太多了。","py":"mù qián，guān yú yīng guó rén de huà tí tài duō le。"},{"zh":"我再也无法忍受了。","py":"wǒ zài yě wú fǎ rěn shòu le。"},{"zh":"让我们改谈奇亚。","py":"ràng wǒ men gǎi tán qí yà。"},{"zh":"现在，我们有16个人。","py":"xiàn zài，wǒ men yǒu16gè rén。"},{"zh":"我们需要第三辆车。","py":"wǒ men xū yào dì sān liàng chē。"},{"zh":"我们将不得不租它。","py":"wǒ men jiāng bù dé bù zū tā。"},{"zh":"你明天早上去机场。","py":"nǐ míng tiān zǎo shàng qù jī chǎng。"},{"zh":"一般来说，那是花费最少的地方。","py":"yì bān lái shuō，nà shì huā fèi zuì shǎo de dì fāng。"},{"zh":"啊，这由我决定吗？","py":"a，zhè yóu wǒ jué dìng ma？"},{"zh":"三辆汽车到达了一个空旷的停车场，它离一个巨大的海滩500米。","py":"sān liàng qì chē dào dá le yí gè kōng kuàng de tíng chē chǎng，tā lí yí gè jù dà de hǎi tān500mǐ。"},{"zh":"十六个人下车，开始清空他们的后备箱。","py":"shí liù gè rén xià chē，kāi shǐ qīng kōng tā men de hòu bèi xiāng。"},{"zh":"熟悉这个地方的瓦妮莎指挥着大家。","py":"shú xī zhè gè dì fāng de wǎ nī shā zhǐ huī zhe dà jiā。"},{"zh":"小心冷藏袋!","py":"xiǎo xīn lěng cáng dài!"},{"zh":"不要打翻甜点!","py":"bú yào dǎ fān tián diǎn!"},{"zh":"最重要的是，别把我的阳伞弄坏了!","py":"zuì zhòng yào de shì，bié bǎ wǒ de yáng sǎn nòng huài le!"},{"zh":"你真是个笨手笨脚的人，杨！","py":"nǐ zhēn shì gè bèn shǒu bèn jiǎo de rén，yáng！"},{"zh":"他把沙滩巾掉在了地上。","py":"tā bǎ shā tān jīn diào zài le dì shàng。"},{"zh":"拉奎尔，请你拿着这个袋子，好吗？","py":"lā kuí ěr，qǐng nǐ ná zhe zhè gè dài zi，hǎo ma？"},{"zh":"这里面有潜水用的面罩和脚蹼。","py":"zhè lǐ miàn yǒu qián shuǐ yòng de miàn zhào hé jiǎo pǔ。"},{"zh":"你确定你想去游泳吗？","py":"nǐ què dìng nǐ xiǎng qù yóu yǒng ma？"},{"zh":"现在只是四月下旬，水还是会很冷。","py":"xiàn zài zhǐ shì sì yuè xià xún，shuǐ hái shì huì hěn lěng。"},{"zh":"可能吧，但你不会失望的。","py":"kě néng ba，dàn nǐ bú huì shī wàng de。"},{"zh":"水绝对是清澈见底，鱼儿成群。","py":"shuǐ jué duì shì qīng chè jiàn dǐ，yú ér chéng qún。"},{"zh":"瓦妮莎指着一个大水桶给杨。","py":"wǎ nī shā zhǐ zhe yí gè dà shuǐ tǒng gěi yáng。"},{"zh":"杨，肌肉男，你能拿着它吗，谢谢？","py":"yáng，jī ròu nán，nǐ néng ná zhe tā ma，xiè xiè？"},{"zh":"他们都朝海滩走去。","py":"tā men dōu cháo hǎi tān zǒu qù。"},{"zh":"瓦妮莎有点落后，她好奇地想看看拉奎尔的反应。","py":"wǎ nī shā yǒu diǎn luò hòu，tā hào qí dì xiǎng kàn kàn lā kuí ěr de fǎn yìng。"},{"zh":"多么美丽的海滩啊!","py":"duō me měi lì de hǎi tān a!"},{"zh":"太壮观了！","py":"tài zhuàng guān le！"},{"zh":"你告诉我奇亚的沙子又白又细，还有漂亮的沙丘，但我没料到会是这样！","py":"nǐ gào sù wǒ qí yà de shā zi yòu bái yòu xì，hái yǒu piào liàng de shā qiū，dàn wǒ méi liào dào huì shì zhè yàng！"},{"zh":"我必须承认，我们在西班牙没有这样的海滩。","py":"wǒ bì xū chéng rèn，wǒ men zài xī bān yá méi yǒu zhè yàng de hǎi tān。"},{"zh":"瓦妮莎笑了。","py":"wǎ nī shā xiào le。"},{"zh":"让我们把阳伞放在小岛前面，把购物袋放在阴凉处。","py":"ràng wǒ men bǎ yáng sǎn fàng zài xiǎo dǎo qián miàn，bǎ gòu wù dài fàng zài yīn liáng chù。"},{"zh":"你准备了什么？","py":"nǐ zhǔn bèi le shén me？"},{"zh":"西红柿、生火腿和绵羊奶酪的帕尼尼，再加上一点自制的蛋黄酱。","py":"xī hóng shì、shēng huǒ tuǐ hé mián yáng nǎi lào de pà ní ní，zài jiā shàng yì diǎn zì zhì de dàn huáng jiàng。"},{"zh":"我看你是按照我前几天给你的食谱做的。","py":"wǒ kàn nǐ shì àn zhào wǒ qián jǐ tiān gěi nǐ de shí pǔ zuò de。"},{"zh":"瓦妮莎又笑了。","py":"wǎ nī shā yòu xiào le。"},{"zh":"那边发生了什么事？","py":"nà biān fā shēng le shén me shì？"},{"zh":"看起来莱昂纳多和杨在吵架。","py":"kàn qǐ lái lái áng nà duō hé yáng zài chǎo jià。"},{"zh":"莱昂纳多从杨的手中抢过手机，进入齐膝深的海里。","py":"lái áng nà duō cóng yáng de shǒu zhōng qiǎng guò shǒu jī，jìn rù qí xī shēn de hǎi lǐ。"},{"zh":"他拿着手机的一头，威胁要把它扔进水里。","py":"tā ná zhuó shǒu jī de yī tóu，wēi xié yào bǎ tā rēng jìn shuǐ lǐ。"},{"zh":"我告诉过你把你的手机留在卡利亚里。","py":"wǒ gào sù guò nǐ bǎ nǐ de shǒu jī liú zài kǎ lì yà lǐ。"},{"zh":"没有理由把它放在这里。","py":"méi yǒu lǐ yóu bǎ tā fàng zài zhè lǐ。"},{"zh":"你会看到会发生什么。","py":"nǐ huì kàn dào huì fā shēng shén me。"},{"zh":"鱼儿会大快朵颐。","py":"yú ér huì dà kuài duǒ yí。"},{"zh":"你这个白痴！","py":"nǐ zhè gè bái chī！"},{"zh":"现在把我的手机还给我！","py":"xiàn zài bǎ wǒ de shǒu jī huán gěi wǒ！"},{"zh":"杨进入了水中。","py":"yáng jìn rù le shuǐ zhōng。"},{"zh":"莱昂纳多退后一步，把手机转过来。","py":"lái áng nà duō tuì hòu yī bù，bǎ shǒu jī zhuǎn guò lái。"},{"zh":"它是防水的，不是吗？","py":"tā shì fáng shuǐ de，bú shì ma？"},{"zh":"我们做个测试好吗？","py":"wǒ men zuò gè cè shì hǎo ma？"},{"zh":"他把手机靠近水面。","py":"tā bǎ shǒu jī kào jìn shuǐ miàn。"},{"zh":"别闹了!","py":"bié nào le!"},{"zh":"这部手机花了我一大笔钱。","py":"zhè bù shǒu jī huā le wǒ yī dà bǐ qián。"},{"zh":"如果你把它搞砸了...","py":"rú guǒ nǐ bǎ tā gǎo zá le..."},{"zh":"如果你想拿回它，就呆在原地，听我说!","py":"rú guǒ nǐ xiǎng ná huí tā，jiù dāi zài yuán dì，tīng wǒ shuō!"},{"zh":"杨呆在原地。","py":"yáng dāi zài yuán dì。"},{"zh":"在奇亚的这一天本该是戒手机的一天。","py":"zài qí yà de zhè yī tiān běn gāi shì jiè shǒu jī de yī tiān。"},{"zh":"我们都同意这一点。","py":"wǒ men dōu tóng yì zhè yì diǎn。"},{"zh":"现在，要么你遵守规则，要么你回家，你明白吗？","py":"xiàn zài，yào me nǐ zūn shǒu guī zé，yào me nǐ huí jiā，nǐ míng bái ma？"},{"zh":"我明白。","py":"wǒ míng bái。"},{"zh":"但先把我的手机还给我。","py":"dàn xiān bǎ wǒ de shǒu jī huán gěi wǒ。"},{"zh":"你保证？","py":"nǐ bǎo zhèng？"},{"zh":"是的，我保证。","py":"shì de，wǒ bǎo zhèng。"},{"zh":"以你母亲的生命发誓。","py":"yǐ nǐ mǔ qīn de shēng mìng fā shì。"},{"zh":"我发誓。","py":"wǒ fā shì。"},{"zh":"莱昂纳多把手机扔到沙滩上。","py":"lái áng nà duō bǎ shǒu jī rēng dào shā tān shàng。"},{"zh":"杨跑出水面，拿起他的手机，打开它。","py":"yáng pǎo chū shuǐ miàn，ná qǐ tā de shǒu jī，dǎ kāi tā。"},{"zh":"最重要的是，不要忘了关机!","py":"zuì zhòng yào de shì，bú yào wàng le guān jī!"},{"zh":"今天是戒电子产品日!","py":"jīn tiān shì jiè diàn zi chǎn pǐn rì!"},{"zh":"杨头也不回地走了，他的视线定格在屏幕上，喃喃自语。","py":"yáng tóu yě bù huí dì zǒu le，tā de shì xiàn dìng gé zài píng mù shàng，nán nán zì yǔ。"},{"zh":"他以为自己在哪里？","py":"tā yǐ wéi zì jǐ zài nǎ lǐ？"},{"zh":"在宗教裁判所的时代？","py":"zài zōng jiào cái pàn suǒ de shí dài？"},{"zh":"奇亚的寂静被十几个年轻人奔向大海的尖叫声所打破。","py":"qí yà de jì jìng bèi shí jǐ gè nián qīng rén bēn xiàng dà hǎi de jiān jiào shēng suǒ dǎ pò。"},{"zh":"有几个人跳进了海浪里；其他人则游走了。","py":"yǒu jǐ gè rén tiào jìn le hǎi làng lǐ；qí tā rén zé yóu zǒu le。"},{"zh":"比较谨慎的人不会游泳。","py":"bǐ jiào jǐn shèn de rén bú huì yóu yǒng。"},{"zh":"杨叫住了20岁的葡萄牙生物系学生伊内斯。","py":"yáng jiào zhù le20suì de pú táo yá shēng wù xì xué shēng yī nèi sī。"},{"zh":"伊内斯，你不去游泳吗？","py":"yī nèi sī，nǐ bù qù yóu yǒng ma？"},{"zh":"我没疯！","py":"wǒ méi fēng！"},{"zh":"你听到了吗？","py":"nǐ tīng dào le ma？"},{"zh":"你听到他们的尖叫了吗？","py":"nǐ tīng dào tā men de jiān jiào le ma？"},{"zh":"水一定是冰冷的，我不喜欢。","py":"shuǐ yí dìng shì bīng lěng de，wǒ bù xǐ huān。"},{"zh":"我只在7月和8月游泳，仅此而已。","py":"wǒ zhǐ zài7yuè hé8yuè yóu yǒng，jǐn cǐ ér yǐ。"},{"zh":"你会在撒丁岛呆多久？","py":"nǐ huì zài sā dīng dǎo dāi duō jiǔ？"},{"zh":"直到今年年底。","py":"zhí dào jīn nián nián dǐ。"},{"zh":"很好！","py":"hěn hǎo！"},{"zh":"我们还有整个夏天。","py":"wǒ men hái yǒu zhěng gè xià tiān。"},{"zh":"一起去游玩一下怎么样？","py":"yì qǐ qù yóu wán yī xià zěn me yàng？"},{"zh":"杨向她眨眼。","py":"yáng xiàng tā zhǎ yǎn。"},{"zh":"伊内斯别过头去，指了指汉娜和拉奎尔，他们正朝沙丘走去。","py":"yī nèi sī bié guò tóu qù，zhǐ le zhǐ hàn nà hé lā kuí ěr，tā men zhèng cháo shā qiū zǒu qù。"},{"zh":"我看到一个标志，禁止进入沙丘。","py":"wǒ kàn dào yí gè biāo zhì，jìn zhǐ jìn rù shā qiū。"},{"zh":"他们要去那里做什么？","py":"tā men yào qù nà lǐ zuò shén me？"},{"zh":"躲在看不见的地方...","py":"duǒ zài kàn bú jiàn de dì fāng..."},{"zh":"汉娜和拉奎尔？","py":"hàn nà hé lā kuí ěr？"},{"zh":"你在开玩笑吗？","py":"nǐ zài kāi wán xiào ma？"},{"zh":"他们就是这么说的。","py":"tā men jiù shì zhè me shuō de。"},{"zh":"我不知道。","py":"wǒ bù zhī dào。"},{"zh":"我也不知道，我今天早上发现的。","py":"wǒ yě bù zhī dào，wǒ jīn tiān zǎo shàng fā xiàn de。"},{"zh":"其他人终于从水里出来了。","py":"qí tā rén zhōng yú cóng shuǐ lǐ chū lái le。"},{"zh":"每个人都匆匆忙忙地穿上衣服。","py":"měi gè rén dōu cōng cōng máng máng dì chuān shàng yī fú。"},{"zh":"有玛蒂娜的消息吗？","py":"yǒu mǎ dì nà de xiāo xī ma？"},{"zh":"她的母亲希望她能留下这个孩子。","py":"tā de mǔ qīn xī wàng tā néng liú xià zhè gè hái zi。"},{"zh":"她会帮她抚养。","py":"tā huì bāng tā fǔ yǎng。"},{"zh":"一旦孩子长大了，许多母亲只梦想一件事：成为祖母。","py":"yí dàn hái zi zhǎng dà le，xǔ duō mǔ qīn zhǐ mèng xiǎng yī jiàn shì：chéng wéi zǔ mǔ。"},{"zh":"你觉得这正常吗？","py":"nǐ jué de zhè zhèng cháng ma？"},{"zh":"无论是否正常，我都饿得像只狼。","py":"wú lùn shì fǒu zhèng cháng，wǒ dōu è dé xiàng zhǐ láng。"},{"zh":"我们去看看野餐的情况吧。","py":"wǒ men qù kàn kàn yě cān de qíng kuàng ba。"},{"zh":"蒂姆，一个23岁的德国医科学生，从人群中走了出来，招手让莱昂纳多加入他。","py":"dì mǔ，yí gè23suì de dé guó yī kē xué shēng，cóng rén qún zhōng zǒu le chū lái，zhāo shǒu ràng lái áng nà duō jiā rù tā。"},{"zh":"他们沿着海滩走去。","py":"tā men yán zhe hǎi tān zǒu qù。"},{"zh":"小浪拍打着沙滩。","py":"xiǎo làng pāi dǎ zhe shā tān。"},{"zh":"这是一个无风的日子。","py":"zhè shì yí gè wú fēng de rì zi。"},{"zh":"那么，我们的小杨在杀死Facebook会议上的表现如何？","py":"nà me，wǒ men de xiǎo yáng zài shā sǐ F a c e b o o k huì yì shàng de biǎo xiàn rú hé？"},{"zh":"总是跟他自己往常一样。","py":"zǒng shì gēn tā zì jǐ wǎng cháng yī yàng。"},{"zh":"兴奋，非常热情，是个了不起的魔鬼代言人。","py":"xīng fèn，fēi cháng rè qíng，shì gè liǎo bù qǐ de mó guǐ dài yán rén。"},{"zh":"他有没有像他宣布的那样在会议上大发雷霆？","py":"tā yǒu méi yǒu xiàng tā xuān bù de nà yàng zài huì yì shàng dà fā léi tíng？"},{"zh":"当然没有。","py":"dāng rán méi yǒu。"},{"zh":"最后，他甚至让整个大会上的人都笑了。","py":"zuì hòu，tā shèn zhì ràng zhěng gè dà huì shàng de rén dōu xiào le。"},{"zh":"在黑暗的环境中，他是一股清流。","py":"zài hēi àn de huán jìng zhōng，tā shì yī gǔ qīng liú。"},{"zh":"气氛并不好，提案也相当虚幻。","py":"qì fēn bìng bù hǎo，tí àn yě xiāng dāng xū huàn。"},{"zh":"一个学生甚至说，应该让GAFA*的高管在煤矿工作。","py":"yí gè xué shēng shèn zhì shuō，yīng gāi ràng G A F A*de gāo guǎn zài méi kuàng gōng zuò。"},{"zh":"很好!","py":"hěn hǎo!"},{"zh":"对于撒丁岛来说，这将是一个恢复蒙特韦基奥矿区的好机会。","py":"duì yú sā dīng dǎo lái shuō，zhè jiāng shì yí gè huī fù méng tè wéi jī ào kuàng qū de hǎo jī huì。"},{"zh":"你想把蒙特韦基奥变成一个监狱吗？","py":"nǐ xiǎng bǎ méng tè wéi jī ào biàn chéng yí gè jiān yù ma？"},{"zh":"我想把所有那些选择支付股东而不是资助研究的人，和宁愿在避税天堂庇护数千亿美元的人送进监狱。","py":"wǒ xiǎng bǎ suǒ yǒu nà xiē xuǎn zé zhī fù gǔ dōng ér bú shì zī zhù yán jiū de rén，hé nìng yuàn zài bì shuì tiān táng bì hù shù qiān yì měi yuán de rén sòng jìn jiān yù。"},{"zh":"我还会把Uber、Airbnb和Netflix的总裁放在里面。","py":"wǒ hái huì bǎ U b e r、A i r b n b hé N e t f l i x de zǒng cái fàng zài lǐ miàn。"},{"zh":"只是为了让他们明白他们多年来一直在谈论的 “创造性破坏 “的过程。","py":"zhǐ shì wèi le ràng tā men míng bái tā men duō nián lái yì zhí zài tán lùn de“chuàng zào xìng pò huài“de guò chéng。"},{"zh":"他们继续边走边笑。","py":"tā men jì xù biān zǒu biān xiào。"},{"zh":"说回到杨，你知道，他还很年轻。","py":"shuō huí dào yáng，nǐ zhī dào，tā hái hěn nián qīng。"},{"zh":"自拍、粉丝、明星梦，所有这些都是他的年龄所致。","py":"zì pāi、fěn sī、míng xīng mèng，suǒ yǒu zhè xiē dōu shì tā de nián líng suǒ zhì。"},{"zh":"但他能靠这个生活吗？","py":"dàn tā néng kào zhè gè shēng huó ma？"},{"zh":"也许这样生活几年没问题。","py":"yě xǔ zhè yàng shēng huó jǐ nián méi wèn tí。"},{"zh":"但十年后，没有人会再对他感兴趣了。","py":"dàn shí nián hòu，méi yǒu rén huì zài duì tā gǎn xìng qù le。"},{"zh":"然后呢？","py":"rán hòu ne？"},{"zh":"因为他不会有任何建树，他将靠打零工生活。","py":"yīn wèi tā bú huì yǒu rèn hé jiàn shù，tā jiāng kào dǎ líng gōng shēng huó。"},{"zh":"还有福利。","py":"hái yǒu fú lì。"},{"zh":"如果还有剩余的话。","py":"rú guǒ hái yǒu shèng yú de huà。"},{"zh":"*GAFA：谷歌、苹果、Facebook、亚马逊","py":"*G A F A：gǔ gē、píng guǒ、F a c e b o o k、yà mǎ xùn"},{"zh":"野餐结束后，莱昂纳多把剩菜放进冷藏袋，凯文把垃圾分拣出来。","py":"yě cān jié shù hòu，lái áng nà duō bǎ shèng cài fàng jìn lěng cáng dài，kǎi wén bǎ lā jī fēn jiǎn chū lái。"},{"zh":"伊内斯倒出最后一滴酒。","py":"yī nèi sī dào chū zuì hòu yī dī jiǔ。"},{"zh":"与此同时，瓦妮莎准备给蒂姆上他的第一堂意大利烹饪课。","py":"yǔ cǐ tóng shí，wǎ nī shā zhǔn bèi gěi dì mǔ shàng tā de dì yī táng yì dà lì pēng rèn kè。"},{"zh":"你的第一课，蒂姆，烹饪意大利面。","py":"nǐ de dì yī kè，dì mǔ，pēng rèn yì dà lì miàn。"},{"zh":"烹饪意大利面？","py":"pēng rèn yì dà lì miàn？"},{"zh":"你在开玩笑吗？","py":"nǐ zài kāi wán xiào ma？"},{"zh":"没有什么比这更简单了。","py":"méi yǒu shén me bǐ zhè gèng jiǎn dān le。"},{"zh":"你烧开一些水，然后把意大利面扔进去。","py":"nǐ shāo kāi yī xiē shuǐ，rán hòu bǎ yì dà lì miàn rēng jìn qù。"},{"zh":"煮到包装上注明的时间之后，你把它沥干，然后直接端到盘子里。","py":"zhǔ dào bāo zhuāng shàng zhù míng de shí jiān zhī hòu，nǐ bǎ tā lì gàn，rán hòu zhí jiē duān dào pán zi lǐ。"},{"zh":"每个人都可以根据自己的喜好添加酱汁。","py":"měi gè rén dōu kě yǐ gēn jù zì jǐ de xǐ hào tiān jiā jiàng zhī。"},{"zh":"撒丁岛人突然大笑起来。","py":"sā dīng dǎo rén tū rán dà xiào qǐ lái。"},{"zh":"可怜的蒂姆，你根本就不知道怎么做。","py":"kě lián de dì mǔ，nǐ gēn běn jiù bù zhī dào zěn me zuò。"},{"zh":"给我念一下菜谱吧!","py":"gěi wǒ niàn yī xià cài pǔ ba!"},{"zh":"瓦妮莎递给他一张纸。","py":"wǎ nī shā dì gěi tā yī zhāng zhǐ。"},{"zh":"蒂姆开始大声朗读。","py":"dì mǔ kāi shǐ dà shēng lǎng dú。"},{"zh":"首先，意大利面--无论是意大利面、蝴蝶面、螺旋意大利面还是通心粉--必须在一个装满沸腾的盐水的锅里煮熟。","py":"shǒu xiān，yì dà lì miàn--wú lùn shì yì dà lì miàn、hú dié miàn、luó xuán yì dà lì miàn hái shì tōng xīn fěn--bì xū zài yí gè zhuāng mǎn fèi téng de yán shuǐ de guō lǐ zhǔ shú。"},{"zh":"每个人大约一升水。","py":"měi gè rén dà yuē yī shēng shuǐ。"},{"zh":"他犹豫了一下。","py":"tā yóu yù le yī xià。"},{"zh":"什么？","py":"shén me？"},{"zh":"一人一升水？","py":"yī rén yī shēng shuǐ？"},{"zh":"多么浪费能源啊!","py":"duō me làng fèi néng yuán a!"},{"zh":"在抱怨之前，请继续阅读菜谱！","py":"zài bào yuàn zhī qián，qǐng jì xù yuè dú cài pǔ！"},{"zh":"首先，将意大利面扔进沸腾的水中。","py":"shǒu xiān，jiāng yì dà lì miàn rēng jìn fèi téng de shuǐ zhōng。"},{"zh":"第二，将意大利面扔进沸水后，用木勺时不时搅拌一下。","py":"dì èr，jiāng yì dà lì miàn rēng jìn fèi shuǐ hòu，yòng mù sháo shí bù shí jiǎo bàn yī xià。"},{"zh":"第三，在一个大而深的锅中准备好意大利面酱。","py":"dì sān，zài yí gè dà ér shēn de guō zhōng zhǔn bèi hǎo yì dà lì miàn jiàng。"},{"zh":"第四，将有嚼劲的意大利面沥干后，立即将其倒入锅中，并迅速与酱汁混合。","py":"dì sì，jiāng yǒu jué jìn de yì dà lì miàn lì gàn hòu，lì jí jiāng qí dào rù guō zhōng，bìng xùn sù yǔ jiàng zhī hùn hé。"},{"zh":"蒂姆抬起头向上看。","py":"dì mǔ tái qǐ tóu xiàng shàng kàn。"},{"zh":"哦，真的，我们要在上菜前混合吗？","py":"ó，zhēn de，wǒ men yào zài shàng cài qián hùn hé ma？"},{"zh":"当然是这样。","py":"dāng rán shì zhè yàng。"},{"zh":"第五，除非另有规定，加入酱汁中的大蒜丁不能是碎的。","py":"dì wǔ，chú fēi lìng yǒu guī dìng，jiā rù jiàng zhī zhōng de dà suàn dīng bù néng shì suì de。"},{"zh":"好了，现在你知道意大利面食烹饪的基本秘密了。","py":"hǎo le，xiàn zài nǐ zhī dào yì dà lì miàn shí pēng rèn de jī běn mì mì le。"},{"zh":"明晚我们都要在蒂姆家聚餐。","py":"míng wǎn wǒ men dōu yào zài dì mǔ jiā jù cān。"},{"zh":"对吗，蒂姆？","py":"duì ma，dì mǔ？"},{"zh":"每个人都惊恐地翻着大白眼。","py":"měi gè rén dōu jīng kǒng dì fān zhe dà bái yǎn。"},{"zh":"凯文走到玛蒂娜面前，问他是否可以和她谈谈。","py":"kǎi wén zǒu dào mǎ dì nà miàn qián，wèn tā shì fǒu kě yǐ hé tā tán tán。"},{"zh":"她犹豫了一下，然后跟着他。","py":"tā yóu yù le yī xià，rán hòu gēn zhe tā。"},{"zh":"玛蒂娜，拜托，你为什么不停止屠杀呢？","py":"mǎ dì nà，bài tuō，nǐ wèi shén me bù tíng zhǐ tú shā ne？"},{"zh":"你在说什么呢？","py":"nǐ zài shuō shén me ne？"},{"zh":"压制一个毫无防备的生命。","py":"yā zhì yí gè háo wú fáng bèi de shēng mìng。"},{"zh":"面对现实吧，玛蒂娜，堕胎并不是一种可接受的做法。","py":"miàn duì xiàn shí ba，mǎ dì nà，duò tāi bìng bú shì yī zhǒng kě jiē shòu de zuò fǎ。"},{"zh":"玛蒂娜不相信地看着凯文。","py":"mǎ dì nà bù xiāng xìn dì kàn zhe kǎi wén。"},{"zh":"不要告诉我你又开始了？","py":"bú yào gào sù wǒ nǐ yòu kāi shǐ le？"},{"zh":"就听我说两分钟。","py":"jiù tīng wǒ shuō liǎng fēn zhōng。"},{"zh":"人类的生命从受精的那一刻开始。","py":"rén lèi de shēng mìng cóng shòu jīng de nà yī kè kāi shǐ。"},{"zh":"胚胎和胎儿都有生存的权利。","py":"pēi tāi hé tāi ér dōu yǒu shēng cún de quán lì。"},{"zh":"所以你的意思是，我的胚胎会像你和我一样是一个人？","py":"suǒ yǐ nǐ de yì sī shì，wǒ de pēi tāi huì xiàng nǐ hé wǒ yī yàng shì yí gè rén？"},{"zh":"显然是这样。","py":"xiǎn rán shì zhè yàng。"},{"zh":"你在哪里听到的？","py":"nǐ zài nǎ lǐ tīng dào de？"},{"zh":"在教堂，我打赌。","py":"zài jiào táng，wǒ dǎ dǔ。"},{"zh":"在其他地方。","py":"zài qí tā dì fāng。"},{"zh":"真有意思。","py":"zhēn yǒu yì sī。"},{"zh":"在十六世纪，天主教会为了证明奴隶贸易的合理性，声称非洲人没有灵魂。","py":"zài shí liù shì jì，tiān zhǔ jiào huì wèi le zhèng míng nú lì mào yì de hé lǐ xìng，shēng chēng fēi zhōu rén méi yǒu líng hún。"},{"zh":"那是很久以前的事了。","py":"nà shì hěn jiǔ yǐ qián de shì le。"},{"zh":"如果教会允许殴打和杀害人类，请向我解释为什么一堆细胞会比人的生命更有价值。","py":"rú guǒ jiào huì yǔn xǔ ōu dǎ hé shā hài rén lèi，qǐng xiàng wǒ jiě shì wèi shén me yī duī xì bāo huì bǐ rén de shēng mìng gèng yǒu jià zhí。"},{"zh":"教会已经进化了。","py":"jiào huì yǐ jīng jìn huà le。"},{"zh":"玛蒂娜举目望向天空。","py":"mǎ dì nà jǔ mù wàng xiàng tiān kōng。"},{"zh":"你想拯救的胚胎就像一个小疣子一样大。","py":"nǐ xiǎng zhěng jiù de pēi tāi jiù xiàng yí gè xiǎo yóu zi yī yàng dà。"},{"zh":"它仍然是一个人。","py":"tā réng rán shì yí gè rén。"},{"zh":"它只有个人的轮廓。","py":"tā zhǐ yǒu gè rén de lún kuò。"},{"zh":"他将成为你的孩子。","py":"tā jiāng chéng wéi nǐ de hái zi。"},{"zh":"不要再谈论我的孩子了。","py":"bú yào zài tán lùn wǒ de hái zi le。"},{"zh":"她用同情的眼光看着他。","py":"tā yòng tóng qíng de yǎn guāng kàn zhe tā。"},{"zh":"一个新生的婴儿哭喊着寻求关注，等待着被爱的目光所笼罩，一个婴儿需要我们随时随地应答。","py":"yí gè xīn shēng de yīng ér kū hǎn zhe xún qiú guān zhù，děng dài zhe bèi ài de mù guāng suǒ lǒng zhào，yí gè yīng ér xū yào wǒ men suí shí suí dì yìng dá。"},{"zh":"所以呢？","py":"suǒ yǐ ne？"},{"zh":"不幸的是，我不能为他提供任何这些。","py":"bù xìng de shì，wǒ bù néng wèi tā tí gōng rèn hé zhè xiē。"},{"zh":"凯文开始生气了。","py":"kǎi wén kāi shǐ shēng qì le。"},{"zh":"但你怎么能说这种话呢？","py":"dàn nǐ zěn me néng shuō zhè zhǒng huà ne？"},{"zh":"你是个怪人！","py":"nǐ shì gè guài rén！"},{"zh":"玛蒂娜气急败坏地给了凯文一巴掌。","py":"mǎ dì nà qì jí bài huài dì gěi le kǎi wén yī bā zhǎng。"},{"zh":"大家都跑过来，玛蒂娜告诉他们讨论的情况。","py":"dà jiā dōu pǎo guò lái，mǎ dì nà gào sù tā men tǎo lùn de qíng kuàng。"},{"zh":"亚历山大抓住凯文的衣领。","py":"yà lì shān dà zhuā zhù kǎi wén de yī lǐng。"},{"zh":"我们告诉过你，让你离玛蒂娜远一点！","py":"wǒ men gào sù guò nǐ，ràng nǐ lí mǎ dì nà yuǎn yì diǎn！"},{"zh":"你脑子里想什么呢？","py":"nǐ nǎo zi lǐ xiǎng shén me ne？"},{"zh":"来吧，这一天对你来说已经结束了。","py":"lái ba，zhè yī tiān duì nǐ lái shuō yǐ jīng jié shù le。"},{"zh":"现在，离开这里。","py":"xiàn zài，lí kāi zhè lǐ。"},{"zh":"带上你的东西，回家去！","py":"dài shàng nǐ de dōng xī，huí jiā qù！"},{"zh":"回家？","py":"huí jiā？"},{"zh":"但是怎么回家？","py":"dàn shì zěn me huí jiā？"},{"zh":"搭顺风车。","py":"dā shùn fēng chē。"},{"zh":"我们不想和一个麻烦制造者一起开车回家。","py":"wǒ men bù xiǎng hé yí gè má fán zhì zào zhě yì qǐ kāi chē huí jiā。"},{"zh":"凯文走了，嘴里念叨着令人难以理解的句子。","py":"kǎi wén zǒu le，zuǐ lǐ niàn dāo zhe lìng rén nán yǐ lǐ jiě de jù zi。"},{"zh":"其他人面面相觑，不解其意。","py":"qí tā rén miàn miàn xiāng qù，bù jiě qí yì。"},{"zh":"亚历山大把胳膊环在玛蒂娜的脖子上。","py":"yà lì shān dà bǎ gē bó huán zài mǎ dì nà de bó zi shàng。"},{"zh":"当玛蒂娜和凯文交谈时，杨和拉奎尔在离海滩约100米的小岛前坐下。","py":"dāng mǎ dì nà hé kǎi wén jiāo tán shí，yáng hé lā kuí ěr zài lí hǎi tān yuē100mǐ de xiǎo dǎo qián zuò xià。"},{"zh":"恼火的是，扬开始用脚在沙子上挖洞。","py":"nǎo huǒ de shì，yáng kāi shǐ yòng jiǎo zài shā zi shàng wā dòng。"},{"zh":"你能向我解释一下，你们都对社交网络有什么不满吗？","py":"nǐ néng xiàng wǒ jiě shì yī xià，nǐ men dōu duì shè jiāo wǎng luò yǒu shén me bù mǎn ma？"},{"zh":"它们是对民主的一种威胁。","py":"tā men shì duì mín zhǔ de yī zhǒng wēi xié。"},{"zh":"你这话是什么意思？","py":"nǐ zhè huà shì shén me yì sī？"},{"zh":"听着，杨，从你的圈子中走出来。","py":"tīng zhe，yáng，cóng nǐ de quān zi zhōng zǒu chū lái。"},{"zh":"读读报纸，看看你周围发生了什么。","py":"dú dú bào zhǐ，kàn kàn nǐ zhōu wéi fā shēng le shén me。"},{"zh":"你不厌倦在Instagram上看自己的照片吗？","py":"nǐ bù yàn juàn zài I n s t a g r a m shàng kàn zì jǐ de zhào piān ma？"},{"zh":"难怪你不了解世界上的任何事情。","py":"nán guài nǐ bù liǎo jiě shì jiè shàng de rèn hé shì qíng。"},{"zh":"理解什么？","py":"lǐ jiě shén me？"},{"zh":"整个国家正在走向衰败。","py":"zhěng gè guó jiā zhèng zài zǒu xiàng shuāi bài。"},{"zh":"如果不是因为社交网络上流传的谎言，好几个国家的元首永远不会当选。","py":"rú guǒ bú shì yīn wèi shè jiāo wǎng luò shàng liú chuán de huǎng yán，hǎo jǐ gè guó jiā de yuán shǒu yǒng yuǎn bú huì dāng xuǎn。"},{"zh":"就是那些你称之为 “流氓总统 “的人？","py":"jiù shì nà xiē nǐ chēng zhī wèi“liú máng zǒng tǒng“de rén？"},{"zh":"没错！","py":"méi cuò！"},{"zh":"就是这些。","py":"jiù shì zhè xiē。"},{"zh":"那些把他们的280个推特字符吐到全世界的人。","py":"nà xiē bǎ tā men de280gè tuī tè zì fú tǔ dào quán shì jiè de rén。"},{"zh":"更不用说英国脱欧了，它的目的只有一个：分裂和削弱欧洲。","py":"gèng bú yòng shuō yīng guó tuō ōu le，tā de mù dì zhǐ yǒu yí gè：fēn liè hé xuē ruò ōu zhōu。"},{"zh":"但谁会对削弱欧洲有兴趣呢？","py":"dàn shuí huì duì xuē ruò ōu zhōu yǒu xìng qù ne？"},{"zh":"你真的不知道吗？","py":"nǐ zhēn de bù zhī dào ma？"},{"zh":"不知道，让我想想。","py":"bù zhī dào，ràng wǒ xiǎng xiǎng。"},{"zh":"思考是很好的。","py":"sī kǎo shì hěn hǎo de。"},{"zh":"但最重要的是你应该阅读，了解自己。","py":"dàn zuì zhòng yào de shì nǐ yīng gāi yuè dú，liǎo jiě zì jǐ。"},{"zh":"阅读，我告诉你。","py":"yuè dú，wǒ gào sù nǐ。"},{"zh":"阅读书面新闻！","py":"yuè dú shū miàn xīn wén！"},{"zh":"杨继续在沙子里挖。","py":"yáng jì xù zài shā zi lǐ wā。"},{"zh":"在洞的底部，开始出现水。","py":"zài dòng de dǐ bù，kāi shǐ chū xiàn shuǐ。"},{"zh":"沉默了很久之后，他抬头看了看拉奎尔。","py":"chén mò le hěn jiǔ zhī hòu，tā tái tóu kàn le kàn lā kuí ěr。"},{"zh":"为了什么？","py":"wèi le shén me？"},{"zh":"我的所有信息都来自于Facebook和Twitter。","py":"wǒ de suǒ yǒu xìn xī dōu lái zì yú F a c e b o o k hé T w i t t e r。"},{"zh":"好吧，这就是为什么你永远是个白痴的原因之一。","py":"hǎo ba，zhè jiù shì wèi shén me nǐ yǒng yuǎn shì gè bái chī de yuán yīn zhī yī。"},{"zh":"你知道，我对主流新闻媒体很怀疑。","py":"nǐ zhī dào，wǒ duì zhǔ liú xīn wén méi tǐ hěn huái yí。"},{"zh":"他们只写那些社会精英想让你相信的东西。","py":"tā men zhǐ xiě nà xiē shè huì jīng yīng xiǎng ràng nǐ xiāng xìn de dōng xī。"},{"zh":"对吗？","py":"duì ma？"},{"zh":"然后拉奎尔和杨听到凯文的尖叫。","py":"rán hòu lā kuí ěr hé yáng tīng dào kǎi wén de jiān jiào。"},{"zh":"他们转过身来，正好看到玛蒂娜打了凯文一巴掌。","py":"tā men zhuǎn guò shēn lái，zhèng hǎo kàn dào mǎ dì nà dǎ le kǎi wén yī bā zhǎng。"},{"zh":"现在是晚上十点。","py":"xiàn zài shì wǎn shàng shí diǎn。"},{"zh":"弗朗西斯科来到汉娜与莱昂纳多、伊内斯和蒂姆合住了几个月的圣萨图尼诺街的房子。","py":"fú lǎng xī sī kē lái dào hàn nà yǔ lái áng nà duō、yī nèi sī hé dì mǔ hé zhù le jǐ gè yuè de shèng sà tú ní nuò jiē de fáng zi。"},{"zh":"这座房子真的很美。","py":"zhè zuò fáng zi zhēn de hěn měi。"},{"zh":"你继承了它，是吗？","py":"nǐ jì chéng le tā，shì ma？"},{"zh":"是的，从我祖母那里。","py":"shì de，cóng wǒ zǔ mǔ nà lǐ。"},{"zh":"但这是多么可悲啊。","py":"dàn zhè shì duō me kě bēi a。"},{"zh":"与其拥有这座房子，我更希望她还活着。","py":"yǔ qí yōng yǒu zhè zuò fáng zi，wǒ gèng xī wàng tā hái huó zhe。"},{"zh":"她走下通往一楼大客厅的楼梯的三个台阶。","py":"tā zǒu xià tōng wǎng yī lóu dà kè tīng de lóu tī de sān gè tái jiē。"},{"zh":"跟着我。","py":"gēn zhe wǒ。"},{"zh":"我们要在大桌子旁坐下。","py":"wǒ men yào zài dà zhuō zi páng zuò xià。"},{"zh":"你为周五的游行准备了什么新口号吗？","py":"nǐ wèi zhōu wǔ de yóu xíng zhǔn bèi le shén me xīn kǒu hào ma？"},{"zh":"没有，我想我们会用同样的口号。","py":"méi yǒu，wǒ xiǎng wǒ men huì yòng tóng yàng de kǒu hào。"},{"zh":"我们的房子着火了！","py":"wǒ men de fáng zi zháo huǒ le！"},{"zh":"我们要你恐慌！","py":"wǒ men yào nǐ kǒng huāng！"},{"zh":"我们要你行动。","py":"wǒ men yào nǐ xíng dòng。"},{"zh":"从长远来看，这不是很无聊吗？","py":"cóng cháng yuǎn lái kàn，zhè bú shì hěn wú liáo ma？"},{"zh":"散布恐慌只会让事情变得更糟。","py":"sàn bù kǒng huāng zhǐ huì ràng shì qíng biàn dé gèng zāo。"},{"zh":"而那些昨天没有行动的人明天也不会行动。","py":"ér nà xiē zuó tiān méi yǒu xíng dòng de rén míng tiān yě bú huì xíng dòng。"},{"zh":"那么你的建议是什么？","py":"nà me nǐ de jiàn yì shì shén me？"},{"zh":"我们需要一个震撼人心的形象，一个撼动世界的形象。","py":"wǒ men xū yào yí gè zhèn hàn rén xīn de xíng xiàng，yí gè hàn dòng shì jiè de xíng xiàng。"},{"zh":"看起来你的脑子里有一个想法。","py":"kàn qǐ lái nǐ de nǎo zi lǐ yǒu yí gè xiǎng fǎ。"},{"zh":"我还在犹豫不决。","py":"wǒ hái zài yóu yù bù jué。"},{"zh":"有些图像可能会造成伤害。","py":"yǒu xiē tú xiàng kě néng huì zào chéng shāng hài。"},{"zh":"来吧，把它吐出来!","py":"lái ba，bǎ tā tǔ chū lái!"},{"zh":"让我们结束自杀的一代！","py":"ràng wǒ men jié shù zì shā de yí dài！"},{"zh":"自杀的一代？","py":"zì shā de yí dài？"},{"zh":"这个自杀的一代又会是谁呢？","py":"zhè gè zì shā de yí dài yòu huì shì shuí ne？"},{"zh":"嗯，这很明显，不是吗？","py":"ń，zhè hěn míng xiǎn，bú shì ma？"},{"zh":"老人。","py":"lǎo rén。"},{"zh":"老人？","py":"lǎo rén？"},{"zh":"也就是60岁以上的人！","py":"yě jiù shì60suì yǐ shàng de rén！"},{"zh":"你是说那些比我们的父母稍微年长的人。","py":"nǐ shì shuō nà xiē bǐ wǒ men de fù mǔ shāo wēi nián zhǎng de rén。"},{"zh":"她点点头。","py":"tā diǎn diǎn tóu。"},{"zh":"那你想怎么让他们理解这个口号呢，我指的是老人们？","py":"nà nǐ xiǎng zěn me ràng tā men lǐ jiě zhè gè kǒu hào ne，wǒ zhǐ de shì lǎo rén men？"},{"zh":"通过在家庭中引发讨论。","py":"tōng guò zài jiā tíng zhōng yǐn fā tǎo lùn。"},{"zh":"这很有力。","py":"zhè hěn yǒu lì。"},{"zh":"你知道，老人并不关心气候变化问题。","py":"nǐ zhī dào，lǎo rén bìng bù guān xīn qì hòu biàn huà wèn tí。"},{"zh":"你认为他们在乎这些吗？","py":"nǐ rèn wéi tā men zài hū zhè xiē ma？"},{"zh":"不管发生了什么，他们都对自己说： “在我之后，管它洪水滔天。","py":"bù guǎn fā shēng le shén me，tā men dōu duì zì jǐ shuō：“zài wǒ zhī hòu，guǎn tā hóng shuǐ tāo tiān。"},{"zh":"因为当这一切都变成地狱的时候，他们已经不在这儿了？","py":"yīn wèi dāng zhè yī qiè dōu biàn chéng dì yù de shí hòu，tā men yǐ jīng bù zài zhè ér le？"},{"zh":"因为他们那会儿已经死了很久了？","py":"yīn wèi tā men nà huì er yǐ jīng sǐ le hěn jiǔ le？"},{"zh":"是的，所以我们必须在他们还活着的时候动摇他们。","py":"shì de，suǒ yǐ wǒ men bì xū zài tā men hái huó zhe de shí hòu dòng yáo tā men。"},{"zh":"趁现在还有时间。","py":"chèn xiàn zài hái yǒu shí jiān。"},{"zh":"你想把他们争取到我们的事业中，争取让他们理解我们的想法？","py":"nǐ xiǎng bǎ tā men zhēng qǔ dào wǒ men de shì yè zhōng，zhēng qǔ ràng tā men lǐ jiě wǒ men de xiǎng fǎ？"},{"zh":"当然了！","py":"dāng rán le！"},{"zh":"祖辈和孙辈团结起来，共同对抗全球变暖。","py":"zǔ bèi hé sūn bèi tuán jié qǐ lái，gòng tóng duì kàng quán qiú biàn nuǎn。"},{"zh":"莱昂纳多和亚历山大来到了蒂凡尼，这是一家位于滨海区的小型咖啡酒吧。","py":"lái áng nà duō hé yà lì shān dà lái dào le dì fán ní，zhè shì yī jiā wèi yú bīn hǎi qū de xiǎo xíng kā fēi jiǔ bā。"},{"zh":"大约有20人在排队等位。","py":"dà yuē yǒu20rén zài pái duì děng wèi。"},{"zh":"我们的朋友排到了队伍的后面。","py":"wǒ men de péng yǒu pái dào le duì wǔ de hòu miàn。"},{"zh":"莱昂纳多向计算机科学系学生、编程高手亚历山大征求意见。","py":"lái áng nà duō xiàng jì suàn jī kē xué xì xué shēng、biān chéng gāo shǒu yà lì shān dà zhēng qiú yì jiàn。"},{"zh":"你的祖父母想不通过出版商就出版一本书？","py":"nǐ de zǔ fù mǔ xiǎng bù tōng guò chū bǎn shāng jiù chū bǎn yī běn shū？"},{"zh":"在他们这个年纪？","py":"zài tā men zhè gè nián jì？"},{"zh":"是的，他们想。","py":"shì de，tā men xiǎng。"},{"zh":"他们还想知道，你只能印几份，这是不是真的？","py":"tā men hái xiǎng zhī dào，nǐ zhǐ néng yìn jǐ fèn，zhè shì bú shì zhēn de？"},{"zh":"因为他们年轻的时候，至少要印300到500份。","py":"yīn wèi tā men nián qīng de shí hòu，zhì shǎo yào yìn300dào500fèn。"},{"zh":"当然这是有可能的。","py":"dāng rán zhè shì yǒu kě néng de。"},{"zh":"这就叫按需印刷。","py":"zhè jiù jiào àn xū yìn shuā。"},{"zh":"你想印多少份就印多少份，甚至只印一份。","py":"nǐ xiǎng yìn duō shǎo fèn jiù yìn duō shǎo fèn，shèn zhì zhǐ yìn yī fèn。"},{"zh":"以可承受的成本？","py":"yǐ kě chéng shòu de chéng běn？"},{"zh":"价格取决于页数。","py":"jià gé qǔ jué yú yè shù。"},{"zh":"一本一百页的书需要几欧元，一本两百页的书则大约需要这个价钱的两倍。","py":"yī běn yì bǎi yè de shū xū yào jǐ ōu yuán，yī běn liǎng bǎi yè de shū zé dà yuē xū yào zhè gè jià qián de liǎng bèi。"},{"zh":"你介意哪天去我祖父母家，向他们解释这个怎么搞吗？","py":"nǐ jiè yì nǎ tiān qù wǒ zǔ fù mǔ jiā，xiàng tā men jiě shì zhè gè zěn me gǎo ma？"},{"zh":"当然不介意，荣幸之至。","py":"dāng rán bù jiè yì，róng xìng zhī zhì。"},{"zh":"好的，那我会安排你们见面。","py":"hǎo de，nà wǒ huì ān pái nǐ men jiàn miàn。"},{"zh":"他想了一会儿。","py":"tā xiǎng le yī huì er。"},{"zh":"顺便问一下，有玛蒂娜的消息吗？","py":"shùn biàn wèn yī xià，yǒu mǎ dì nà de xiāo xī ma？"},{"zh":"是的，她今天早上给我打电话了。","py":"shì de，tā jīn tiān zǎo shàng gěi wǒ dǎ diàn huà le。"},{"zh":"就这样了，搞定了。","py":"jiù zhè yàng le，gǎo dìng le。"},{"zh":"一切都很顺利。","py":"yī qiè dōu hěn shùn lì。"},{"zh":"真是松了一口气啊!","py":"zhēn shì sōng le yì kǒu qì a!"},{"zh":"所以她没有让她母亲说服她。","py":"suǒ yǐ tā méi yǒu ràng tā mǔ qīn shuō fú tā。"},{"zh":"她的母亲想尽办法来改变她的想法。","py":"tā de mǔ qīn xiǎng jǐn bàn fǎ lái gǎi biàn tā de xiǎng fǎ。"},{"zh":"而她的父亲似乎甚至威胁要把她赶出去。","py":"ér tā de fù qīn sì hū shèn zhì wēi xié yào bǎ tā gǎn chū qù。"},{"zh":"无论如何，那是不会发生在汉娜身上的。","py":"wú lùn rú hé，nà shì bú huì fā shēng zài hàn nà shēn shàng de。"},{"zh":"你是说和拉奎尔？","py":"nǐ shì shuō hé lā kuí ěr？"},{"zh":"这两个人，至少没有怀孕的风险！","py":"zhè liǎng gè rén，zhì shǎo méi yǒu huái yùn de fēng xiǎn！"},{"zh":"她们可以毫无顾忌地享受爱情。","py":"tā men kě yǐ háo wú gù jì dì xiǎng shòu ài qíng。"},{"zh":"幸运的人！","py":"xìng yùn de rén！"},{"zh":"不需要避孕套。","py":"bù xū yào bì yùn tào。"},{"zh":"亚历山大看到莱昂纳多的眼睛在变黑。","py":"yà lì shān dà kàn dào lái áng nà duō de yǎn jīng zài biàn hēi。"},{"zh":"哦，不好意思。","py":"ó，bù hǎo yì sī。"},{"zh":"我忘了你和汉娜有过一段。","py":"wǒ wàng le nǐ hé hàn nà yǒu guò yī duàn。"},{"zh":"这没什么。","py":"zhè méi shén me。"},{"zh":"但这是真的，我还是无法让自己相信它已经结束了。","py":"dàn zhè shì zhēn de，wǒ hái shì wú fǎ ràng zì jǐ xiāng xìn tā yǐ jīng jié shù le。"}]